image_path,label,gen,form,base_id,base_name,silhouette_path
data/images/hq/001.png,bulbasaur,1,,1,bulbasaur,data/images/silhouette/001.png
data/images/hq/002.png,ivysaur,1,,2,ivysaur,data/images/silhouette/002.png
data/images/hq/003-Gmax.png,venusaur-gmax,1,gmax,3,venusaur,data/images/silhouette/003-Gmax.png
data/images/hq/003-Mega.png,venusaur-mega,1,mega,3,venusaur,data/images/silhouette/003-Mega.png
data/images/hq/003.png,venusaur,1,,3,venusaur,data/images/silhouette/003.png
data/images/hq/004.png,charmander,1,,4,charmander,data/images/silhouette/004.png
data/images/hq/005.png,charmeleon,1,,5,charmeleon,data/images/silhouette/005.png
data/images/hq/006-Gmax.png,charizard-gmax,1,gmax,6,charizard,data/images/silhouette/006-Gmax.png
data/images/hq/006-Mega-X.png,charizard-mega-x,1,mega-x,6,charizard,data/images/silhouette/006-Mega-X.png
data/images/hq/006-Mega-Y.png,charizard-mega-y,1,mega-y,6,charizard,data/images/silhouette/006-Mega-Y.png
data/images/hq/006.png,charizard,1,,6,charizard,data/images/silhouette/006.png
data/images/hq/007.png,squirtle,1,,7,squirtle,data/images/silhouette/007.png
data/images/hq/008.png,wartortle,1,,8,wartortle,data/images/silhouette/008.png
data/images/hq/009-Gmax.png,blastoise-gmax,1,gmax,9,blastoise,data/images/silhouette/009-Gmax.png
data/images/hq/009-Mega.png,blastoise-mega,1,mega,9,blastoise,data/images/silhouette/009-Mega.png
data/images/hq/009.png,blastoise,1,,9,blastoise,data/images/silhouette/009.png
data/images/hq/010.png,caterpie,1,,10,caterpie,data/images/silhouette/010.png
data/images/hq/011.png,metapod,1,,11,metapod,data/images/silhouette/011.png
data/images/hq/012-Gmax.png,butterfree-gmax,1,gmax,12,butterfree,data/images/silhouette/012-Gmax.png
data/images/hq/012.png,butterfree,1,,12,butterfree,data/images/silhouette/012.png
data/images/hq/013.png,weedle,1,,13,weedle,data/images/silhouette/013.png
data/images/hq/014.png,kakuna,1,,14,kakuna,data/images/silhouette/014.png
data/images/hq/015-Mega.png,beedrill-mega,1,mega,15,beedrill,data/images/silhouette/015-Mega.png
data/images/hq/015.png,beedrill,1,,15,beedrill,data/images/silhouette/015.png
data/images/hq/016.png,pidgey,1,,16,pidgey,data/images/silhouette/016.png
data/images/hq/017.png,pidgeotto,1,,17,pidgeotto,data/images/silhouette/017.png
data/images/hq/018-Mega.png,pidgeot-mega,1,mega,18,pidgeot,data/images/silhouette/018-Mega.png
data/images/hq/018.png,pidgeot,1,,18,pidgeot,data/images/silhouette/018.png
data/images/hq/019-Alola.png,rattata-alola,1,alola,19,rattata,data/images/silhouette/019-Alola.png
data/images/hq/019.png,rattata,1,,19,rattata,data/images/silhouette/019.png
data/images/hq/020-Alola.png,raticate-alola,1,alola,20,raticate,data/images/silhouette/020-Alola.png
data/images/hq/020.png,raticate,1,,20,raticate,data/images/silhouette/020.png
data/images/hq/021.png,spearow,1,,21,spearow,data/images/silhouette/021.png
data/images/hq/022.png,fearow,1,,22,fearow,data/images/silhouette/022.png
data/images/hq/023.png,ekans,1,,23,ekans,data/images/silhouette/023.png
data/images/hq/024.png,arbok,1,,24,arbok,data/images/silhouette/024.png
data/images/hq/025-Alola-Cap.png,pikachu-alola-cap,1,alola-cap,25,pikachu,data/images/silhouette/025-Alola-Cap.png
data/images/hq/025-Belle.png,pikachu-belle,1,belle,25,pikachu,data/images/silhouette/025-Belle.png
data/images/hq/025-Cosplay.png,pikachu-cosplay,1,cosplay,25,pikachu,data/images/silhouette/025-Cosplay.png
data/images/hq/025-Gmax.png,pikachu-gmax,1,gmax,25,pikachu,data/images/silhouette/025-Gmax.png
data/images/hq/025-Hoenn-Cap.png,pikachu-hoenn-cap,1,hoenn-cap,25,pikachu,data/images/silhouette/025-Hoenn-Cap.png
data/images/hq/025-Kalos-Cap.png,pikachu-kalos-cap,1,kalos-cap,25,pikachu,data/images/silhouette/025-Kalos-Cap.png
data/images/hq/025-Libre.png,pikachu-libre,1,libre,25,pikachu,data/images/silhouette/025-Libre.png
data/images/hq/025-Original-Cap.png,pikachu-original-cap,1,original-cap,25,pikachu,data/images/silhouette/025-Original-Cap.png
data/images/hq/025-Partner-Cap.png,pikachu-partner-cap,1,partner-cap,25,pikachu,data/images/silhouette/025-Partner-Cap.png
data/images/hq/025-Phd.png,pikachu-phd,1,phd,25,pikachu,data/images/silhouette/025-Phd.png
data/images/hq/025-Pop-Star.png,pikachu-pop-star,1,pop-star,25,pikachu,data/images/silhouette/025-Pop-Star.png
data/images/hq/025-Rock-Star.png,pikachu-rock-star,1,rock-star,25,pikachu,data/images/silhouette/025-Rock-Star.png
data/images/hq/025-Sinnoh-Cap.png,pikachu-sinnoh-cap,1,sinnoh-cap,25,pikachu,data/images/silhouette/025-Sinnoh-Cap.png
data/images/hq/025-Starter.png,pikachu-starter,1,starter,25,pikachu,data/images/silhouette/025-Starter.png
data/images/hq/025-Unova-Cap.png,pikachu-unova-cap,1,unova-cap,25,pikachu,data/images/silhouette/025-Unova-Cap.png
data/images/hq/025-World-Cap.png,pikachu-world-cap,1,world-cap,25,pikachu,data/images/silhouette/025-World-Cap.png
data/images/hq/025.png,pikachu,1,,25,pikachu,data/images/silhouette/025.png
data/images/hq/026-Alola.png,raichu-alola,1,alola,26,raichu,data/images/silhouette/026-Alola.png
data/images/hq/026.png,raichu,1,,26,raichu,data/images/silhouette/026.png
data/images/hq/027-Alola.png,sandshrew-alola,1,alola,27,sandshrew,data/images/silhouette/027-Alola.png
data/images/hq/027.png,sandshrew,1,,27,sandshrew,data/images/silhouette/027.png
data/images/hq/028-Alola.png,sandslash-alola,1,alola,28,sandslash,data/images/silhouette/028-Alola.png
data/images/hq/028.png,sandslash,1,,28,sandslash,data/images/silhouette/028.png
data/images/hq/029.png,nidoran-f,1,,29,nidoran-f,data/images/silhouette/029.png
data/images/hq/030.png,nidorina,1,,30,nidorina,data/images/silhouette/030.png
data/images/hq/031.png,nidoqueen,1,,31,nidoqueen,data/images/silhouette/031.png
data/images/hq/032.png,nidoran-m,1,,32,nidoran-m,data/images/silhouette/032.png
data/images/hq/033.png,nidorino,1,,33,nidorino,data/images/silhouette/033.png
data/images/hq/034.png,nidoking,1,,34,nidoking,data/images/silhouette/034.png
data/images/hq/035.png,clefairy,1,,35,clefairy,data/images/silhouette/035.png
data/images/hq/036.png,clefable,1,,36,clefable,data/images/silhouette/036.png
data/images/hq/037-Alola.png,vulpix-alola,1,alola,37,vulpix,data/images/silhouette/037-Alola.png
data/images/hq/037.png,vulpix,1,,37,vulpix,data/images/silhouette/037.png
data/images/hq/038-Alola.png,ninetales-alola,1,alola,38,ninetales,data/images/silhouette/038-Alola.png
data/images/hq/038.png,ninetales,1,,38,ninetales,data/images/silhouette/038.png
data/images/hq/039.png,jigglypuff,1,,39,jigglypuff,data/images/silhouette/039.png
data/images/hq/040.png,wigglytuff,1,,40,wigglytuff,data/images/silhouette/040.png
data/images/hq/041.png,zubat,1,,41,zubat,data/images/silhouette/041.png
data/images/hq/042.png,golbat,1,,42,golbat,data/images/silhouette/042.png
data/images/hq/043.png,oddish,1,,43,oddish,data/images/silhouette/043.png
data/images/hq/044.png,gloom,1,,44,gloom,data/images/silhouette/044.png
data/images/hq/045.png,vileplume,1,,45,vileplume,data/images/silhouette/045.png
data/images/hq/046.png,paras,1,,46,paras,data/images/silhouette/046.png
data/images/hq/047.png,parasect,1,,47,parasect,data/images/silhouette/047.png
data/images/hq/048.png,venonat,1,,48,venonat,data/images/silhouette/048.png
data/images/hq/049.png,venomoth,1,,49,venomoth,data/images/silhouette/049.png
data/images/hq/050-Alola.png,diglett-alola,1,alola,50,diglett,data/images/silhouette/050-Alola.png
data/images/hq/050.png,diglett,1,,50,diglett,data/images/silhouette/050.png
data/images/hq/051-Alola.png,dugtrio-alola,1,alola,51,dugtrio,data/images/silhouette/051-Alola.png
data/images/hq/051.png,dugtrio,1,,51,dugtrio,data/images/silhouette/051.png
data/images/hq/052-Alola.png,meowth-alola,1,alola,52,meowth,data/images/silhouette/052-Alola.png
data/images/hq/052-Galar.png,meowth-galar,1,galar,52,meowth,data/images/silhouette/052-Galar.png
data/images/hq/052-Gmax.png,meowth-gmax,1,gmax,52,meowth,data/images/silhouette/052-Gmax.png
data/images/hq/052.png,meowth,1,,52,meowth,data/images/silhouette/052.png
data/images/hq/053-Alola.png,persian-alola,1,alola,53,persian,data/images/silhouette/053-Alola.png
data/images/hq/053.png,persian,1,,53,persian,data/images/silhouette/053.png
data/images/hq/054.png,psyduck,1,,54,psyduck,data/images/silhouette/054.png
data/images/hq/055.png,golduck,1,,55,golduck,data/images/silhouette/055.png
data/images/hq/056.png,mankey,1,,56,mankey,data/images/silhouette/056.png
data/images/hq/057.png,primeape,1,,57,primeape,data/images/silhouette/057.png
data/images/hq/058-Hisui.png,growlithe-hisui,1,hisui,58,growlithe,data/images/silhouette/058-Hisui.png
data/images/hq/058.png,growlithe,1,,58,growlithe,data/images/silhouette/058.png
data/images/hq/059-Hisui.png,arcanine-hisui,1,hisui,59,arcanine,data/images/silhouette/059-Hisui.png
data/images/hq/059.png,arcanine,1,,59,arcanine,data/images/silhouette/059.png
data/images/hq/060.png,poliwag,1,,60,poliwag,data/images/silhouette/060.png
data/images/hq/061.png,poliwhirl,1,,61,poliwhirl,data/images/silhouette/061.png
data/images/hq/062.png,poliwrath,1,,62,poliwrath,data/images/silhouette/062.png
data/images/hq/063.png,abra,1,,63,abra,data/images/silhouette/063.png
data/images/hq/064.png,kadabra,1,,64,kadabra,data/images/silhouette/064.png
data/images/hq/065-Mega.png,alakazam-mega,1,mega,65,alakazam,data/images/silhouette/065-Mega.png
data/images/hq/065.png,alakazam,1,,65,alakazam,data/images/silhouette/065.png
data/images/hq/066.png,machop,1,,66,machop,data/images/silhouette/066.png
data/images/hq/067.png,machoke,1,,67,machoke,data/images/silhouette/067.png
data/images/hq/068-Gmax.png,machamp-gmax,1,gmax,68,machamp,data/images/silhouette/068-Gmax.png
data/images/hq/068.png,machamp,1,,68,machamp,data/images/silhouette/068.png
data/images/hq/069.png,bellsprout,1,,69,bellsprout,data/images/silhouette/069.png
data/images/hq/070.png,weepinbell,1,,70,weepinbell,data/images/silhouette/070.png
data/images/hq/071.png,victreebel,1,,71,victreebel,data/images/silhouette/071.png
data/images/hq/072.png,tentacool,1,,72,tentacool,data/images/silhouette/072.png
data/images/hq/073.png,tentacruel,1,,73,tentacruel,data/images/silhouette/073.png
data/images/hq/074-Alola.png,geodude-alola,1,alola,74,geodude,data/images/silhouette/074-Alola.png
data/images/hq/074.png,geodude,1,,74,geodude,data/images/silhouette/074.png
data/images/hq/075-Alola.png,graveler-alola,1,alola,75,graveler,data/images/silhouette/075-Alola.png
data/images/hq/075.png,graveler,1,,75,graveler,data/images/silhouette/075.png
data/images/hq/076-Alola.png,golem-alola,1,alola,76,golem,data/images/silhouette/076-Alola.png
data/images/hq/076.png,golem,1,,76,golem,data/images/silhouette/076.png
data/images/hq/077-Galar.png,ponyta-galar,1,galar,77,ponyta,data/images/silhouette/077-Galar.png
data/images/hq/077.png,ponyta,1,,77,ponyta,data/images/silhouette/077.png
data/images/hq/078-Galar.png,rapidash-galar,1,galar,78,rapidash,data/images/silhouette/078-Galar.png
data/images/hq/078.png,rapidash,1,,78,rapidash,data/images/silhouette/078.png
data/images/hq/079-Galar.png,slowpoke-galar,1,galar,79,slowpoke,data/images/silhouette/079-Galar.png
data/images/hq/079.png,slowpoke,1,,79,slowpoke,data/images/silhouette/079.png
data/images/hq/080-Galar.png,slowbro-galar,1,galar,80,slowbro,data/images/silhouette/080-Galar.png
data/images/hq/080-Mega.png,slowbro-mega,1,mega,80,slowbro,data/images/silhouette/080-Mega.png
data/images/hq/080.png,slowbro,1,,80,slowbro,data/images/silhouette/080.png
data/images/hq/081.png,magnemite,1,,81,magnemite,data/images/silhouette/081.png
data/images/hq/082.png,magneton,1,,82,magneton,data/images/silhouette/082.png
data/images/hq/083-Galar.png,farfetchd-galar,1,galar,83,farfetchd,data/images/silhouette/083-Galar.png
data/images/hq/083.png,farfetchd,1,,83,farfetchd,data/images/silhouette/083.png
data/images/hq/084.png,doduo,1,,84,doduo,data/images/silhouette/084.png
data/images/hq/085.png,dodrio,1,,85,dodrio,data/images/silhouette/085.png
data/images/hq/086.png,seel,1,,86,seel,data/images/silhouette/086.png
data/images/hq/087.png,dewgong,1,,87,dewgong,data/images/silhouette/087.png
data/images/hq/088-Alola.png,grimer-alola,1,alola,88,grimer,data/images/silhouette/088-Alola.png
data/images/hq/088.png,grimer,1,,88,grimer,data/images/silhouette/088.png
data/images/hq/089-Alola.png,muk-alola,1,alola,89,muk,data/images/silhouette/089-Alola.png
data/images/hq/089.png,muk,1,,89,muk,data/images/silhouette/089.png
data/images/hq/090.png,shellder,1,,90,shellder,data/images/silhouette/090.png
data/images/hq/091.png,cloyster,1,,91,cloyster,data/images/silhouette/091.png
data/images/hq/092.png,gastly,1,,92,gastly,data/images/silhouette/092.png
data/images/hq/093.png,haunter,1,,93,haunter,data/images/silhouette/093.png
data/images/hq/094-Gmax.png,gengar-gmax,1,gmax,94,gengar,data/images/silhouette/094-Gmax.png
data/images/hq/094-Mega.png,gengar-mega,1,mega,94,gengar,data/images/silhouette/094-Mega.png
data/images/hq/094.png,gengar,1,,94,gengar,data/images/silhouette/094.png
data/images/hq/095.png,onix,1,,95,onix,data/images/silhouette/095.png
data/images/hq/096.png,drowzee,1,,96,drowzee,data/images/silhouette/096.png
data/images/hq/097.png,hypno,1,,97,hypno,data/images/silhouette/097.png
data/images/hq/098.png,krabby,1,,98,krabby,data/images/silhouette/098.png
data/images/hq/099-Gmax.png,kingler-gmax,1,gmax,99,kingler,data/images/silhouette/099-Gmax.png
data/images/hq/099.png,kingler,1,,99,kingler,data/images/silhouette/099.png
data/images/hq/100-Hisui.png,voltorb-hisui,1,hisui,100,voltorb,data/images/silhouette/100-Hisui.png
data/images/hq/100.png,voltorb,1,,100,voltorb,data/images/silhouette/100.png
data/images/hq/101-Hisui.png,electrode-hisui,1,hisui,101,electrode,data/images/silhouette/101-Hisui.png
data/images/hq/101.png,electrode,1,,101,electrode,data/images/silhouette/101.png
data/images/hq/102.png,exeggcute,1,,102,exeggcute,data/images/silhouette/102.png
data/images/hq/103-Alola.png,exeggutor-alola,1,alola,103,exeggutor,data/images/silhouette/103-Alola.png
data/images/hq/103.png,exeggutor,1,,103,exeggutor,data/images/silhouette/103.png
data/images/hq/104.png,cubone,1,,104,cubone,data/images/silhouette/104.png
data/images/hq/105-Alola.png,marowak-alola,1,alola,105,marowak,data/images/silhouette/105-Alola.png
data/images/hq/105.png,marowak,1,,105,marowak,data/images/silhouette/105.png
data/images/hq/106.png,hitmonlee,1,,106,hitmonlee,data/images/silhouette/106.png
data/images/hq/107.png,hitmonchan,1,,107,hitmonchan,data/images/silhouette/107.png
data/images/hq/108.png,lickitung,1,,108,lickitung,data/images/silhouette/108.png
data/images/hq/109.png,koffing,1,,109,koffing,data/images/silhouette/109.png
data/images/hq/110-Galar.png,weezing-galar,1,galar,110,weezing,data/images/silhouette/110-Galar.png
data/images/hq/110.png,weezing,1,,110,weezing,data/images/silhouette/110.png
data/images/hq/111.png,rhyhorn,1,,111,rhyhorn,data/images/silhouette/111.png
data/images/hq/112.png,rhydon,1,,112,rhydon,data/images/silhouette/112.png
data/images/hq/113.png,chansey,1,,113,chansey,data/images/silhouette/113.png
data/images/hq/114.png,tangela,1,,114,tangela,data/images/silhouette/114.png
data/images/hq/115-Mega.png,kangaskhan-mega,1,mega,115,kangaskhan,data/images/silhouette/115-Mega.png
data/images/hq/115.png,kangaskhan,1,,115,kangaskhan,data/images/silhouette/115.png
data/images/hq/116.png,horsea,1,,116,horsea,data/images/silhouette/116.png
data/images/hq/117.png,seadra,1,,117,seadra,data/images/silhouette/117.png
data/images/hq/118.png,goldeen,1,,118,goldeen,data/images/silhouette/118.png
data/images/hq/119.png,seaking,1,,119,seaking,data/images/silhouette/119.png
data/images/hq/120.png,staryu,1,,120,staryu,data/images/silhouette/120.png
data/images/hq/121.png,starmie,1,,121,starmie,data/images/silhouette/121.png
data/images/hq/122-Galar.png,mr-mime-galar,1,galar,122,mr-mime,data/images/silhouette/122-Galar.png
data/images/hq/122.png,mr-mime,1,,122,mr-mime,data/images/silhouette/122.png
data/images/hq/123.png,scyther,1,,123,scyther,data/images/silhouette/123.png
data/images/hq/124.png,jynx,1,,124,jynx,data/images/silhouette/124.png
data/images/hq/125.png,electabuzz,1,,125,electabuzz,data/images/silhouette/125.png
data/images/hq/126.png,magmar,1,,126,magmar,data/images/silhouette/126.png
data/images/hq/127-Mega.png,pinsir-mega,1,mega,127,pinsir,data/images/silhouette/127-Mega.png
data/images/hq/127.png,pinsir,1,,127,pinsir,data/images/silhouette/127.png
data/images/hq/128.png,tauros,1,,128,tauros,data/images/silhouette/128.png
data/images/hq/129.png,magikarp,1,,129,magikarp,data/images/silhouette/129.png
data/images/hq/130-Mega.png,gyarados-mega,1,mega,130,gyarados,data/images/silhouette/130-Mega.png
data/images/hq/130.png,gyarados,1,,130,gyarados,data/images/silhouette/130.png
data/images/hq/131-Gmax.png,lapras-gmax,1,gmax,131,lapras,data/images/silhouette/131-Gmax.png
data/images/hq/131.png,lapras,1,,131,lapras,data/images/silhouette/131.png
data/images/hq/132.png,ditto,1,,132,ditto,data/images/silhouette/132.png
data/images/hq/133-Gmax.png,eevee-gmax,1,gmax,133,eevee,data/images/silhouette/133-Gmax.png
data/images/hq/133-Starter.png,eevee-starter,1,starter,133,eevee,data/images/silhouette/133-Starter.png
data/images/hq/133.png,eevee,1,,133,eevee,data/images/silhouette/133.png
data/images/hq/134.png,vaporeon,1,,134,vaporeon,data/images/silhouette/134.png
data/images/hq/135.png,jolteon,1,,135,jolteon,data/images/silhouette/135.png
data/images/hq/136.png,flareon,1,,136,flareon,data/images/silhouette/136.png
data/images/hq/137.png,porygon,1,,137,porygon,data/images/silhouette/137.png
data/images/hq/138.png,omanyte,1,,138,omanyte,data/images/silhouette/138.png
data/images/hq/139.png,omastar,1,,139,omastar,data/images/silhouette/139.png
data/images/hq/140.png,kabuto,1,,140,kabuto,data/images/silhouette/140.png
data/images/hq/141.png,kabutops,1,,141,kabutops,data/images/silhouette/141.png
data/images/hq/142-Mega.png,aerodactyl-mega,1,mega,142,aerodactyl,data/images/silhouette/142-Mega.png
data/images/hq/142.png,aerodactyl,1,,142,aerodactyl,data/images/silhouette/142.png
data/images/hq/143-Gmax.png,snorlax-gmax,1,gmax,143,snorlax,data/images/silhouette/143-Gmax.png
data/images/hq/143.png,snorlax,1,,143,snorlax,data/images/silhouette/143.png
data/images/hq/144-Galar.png,articuno-galar,1,galar,144,articuno,data/images/silhouette/144-Galar.png
data/images/hq/144.png,articuno,1,,144,articuno,data/images/silhouette/144.png
data/images/hq/145-Galar.png,zapdos-galar,1,galar,145,zapdos,data/images/silhouette/145-Galar.png
data/images/hq/145.png,zapdos,1,,145,zapdos,data/images/silhouette/145.png
data/images/hq/146-Galar.png,moltres-galar,1,galar,146,moltres,data/images/silhouette/146-Galar.png
data/images/hq/146.png,moltres,1,,146,moltres,data/images/silhouette/146.png
data/images/hq/147.png,dratini,1,,147,dratini,data/images/silhouette/147.png
data/images/hq/148.png,dragonair,1,,148,dragonair,data/images/silhouette/148.png
data/images/hq/149.png,dragonite,1,,149,dragonite,data/images/silhouette/149.png
data/images/hq/150-Mega-X.png,mewtwo-mega-x,1,mega-x,150,mewtwo,data/images/silhouette/150-Mega-X.png
data/images/hq/150-Mega-Y.png,mewtwo-mega-y,1,mega-y,150,mewtwo,data/images/silhouette/150-Mega-Y.png
data/images/hq/150.png,mewtwo,1,,150,mewtwo,data/images/silhouette/150.png
data/images/hq/151.png,mew,1,,151,mew,data/images/silhouette/151.png
data/images/hq/152.png,chikorita,2,,152,chikorita,data/images/silhouette/152.png
data/images/hq/153.png,bayleef,2,,153,bayleef,data/images/silhouette/153.png
data/images/hq/154.png,meganium,2,,154,meganium,data/images/silhouette/154.png
data/images/hq/155.png,cyndaquil,2,,155,cyndaquil,data/images/silhouette/155.png
data/images/hq/156.png,quilava,2,,156,quilava,data/images/silhouette/156.png
data/images/hq/157-Hisui.png,typhlosion-hisui,2,hisui,157,typhlosion,data/images/silhouette/157-Hisui.png
data/images/hq/157.png,typhlosion,2,,157,typhlosion,data/images/silhouette/157.png
data/images/hq/158.png,totodile,2,,158,totodile,data/images/silhouette/158.png
data/images/hq/159.png,croconaw,2,,159,croconaw,data/images/silhouette/159.png
data/images/hq/160.png,feraligatr,2,,160,feraligatr,data/images/silhouette/160.png
data/images/hq/161.png,sentret,2,,161,sentret,data/images/silhouette/161.png
data/images/hq/162.png,furret,2,,162,furret,data/images/silhouette/162.png
data/images/hq/163.png,hoothoot,2,,163,hoothoot,data/images/silhouette/163.png
data/images/hq/164.png,noctowl,2,,164,noctowl,data/images/silhouette/164.png
data/images/hq/165.png,ledyba,2,,165,ledyba,data/images/silhouette/165.png
data/images/hq/166.png,ledian,2,,166,ledian,data/images/silhouette/166.png
data/images/hq/167.png,spinarak,2,,167,spinarak,data/images/silhouette/167.png
data/images/hq/168.png,ariados,2,,168,ariados,data/images/silhouette/168.png
data/images/hq/169.png,crobat,2,,169,crobat,data/images/silhouette/169.png
data/images/hq/170.png,chinchou,2,,170,chinchou,data/images/silhouette/170.png
data/images/hq/171.png,lanturn,2,,171,lanturn,data/images/silhouette/171.png
data/images/hq/172.png,pichu,2,,172,pichu,data/images/silhouette/172.png
data/images/hq/173.png,cleffa,2,,173,cleffa,data/images/silhouette/173.png
data/images/hq/174.png,igglybuff,2,,174,igglybuff,data/images/silhouette/174.png
data/images/hq/175.png,togepi,2,,175,togepi,data/images/silhouette/175.png
data/images/hq/176.png,togetic,2,,176,togetic,data/images/silhouette/176.png
data/images/hq/177.png,natu,2,,177,natu,data/images/silhouette/177.png
data/images/hq/178.png,xatu,2,,178,xatu,data/images/silhouette/178.png
data/images/hq/179.png,mareep,2,,179,mareep,data/images/silhouette/179.png
data/images/hq/180.png,flaaffy,2,,180,flaaffy,data/images/silhouette/180.png
data/images/hq/181-Mega.png,ampharos-mega,2,mega,181,ampharos,data/images/silhouette/181-Mega.png
data/images/hq/181.png,ampharos,2,,181,ampharos,data/images/silhouette/181.png
data/images/hq/182.png,bellossom,2,,182,bellossom,data/images/silhouette/182.png
data/images/hq/183.png,marill,2,,183,marill,data/images/silhouette/183.png
data/images/hq/184.png,azumarill,2,,184,azumarill,data/images/silhouette/184.png
data/images/hq/185.png,sudowoodo,2,,185,sudowoodo,data/images/silhouette/185.png
data/images/hq/186.png,politoed,2,,186,politoed,data/images/silhouette/186.png
data/images/hq/187.png,hoppip,2,,187,hoppip,data/images/silhouette/187.png
data/images/hq/188.png,skiploom,2,,188,skiploom,data/images/silhouette/188.png
data/images/hq/189.png,jumpluff,2,,189,jumpluff,data/images/silhouette/189.png
data/images/hq/190.png,aipom,2,,190,aipom,data/images/silhouette/190.png
data/images/hq/191.png,sunkern,2,,191,sunkern,data/images/silhouette/191.png
data/images/hq/192.png,sunflora,2,,192,sunflora,data/images/silhouette/192.png
data/images/hq/193.png,yanma,2,,193,yanma,data/images/silhouette/193.png
data/images/hq/194.png,wooper,2,,194,wooper,data/images/silhouette/194.png
data/images/hq/195.png,quagsire,2,,195,quagsire,data/images/silhouette/195.png
data/images/hq/196.png,espeon,2,,196,espeon,data/images/silhouette/196.png
data/images/hq/197.png,umbreon,2,,197,umbreon,data/images/silhouette/197.png
data/images/hq/198.png,murkrow,2,,198,murkrow,data/images/silhouette/198.png
data/images/hq/199-Galar.png,slowking-galar,2,galar,199,slowking,data/images/silhouette/199-Galar.png
data/images/hq/199.png,slowking,2,,199,slowking,data/images/silhouette/199.png
data/images/hq/200.png,misdreavus,2,,200,misdreavus,data/images/silhouette/200.png
data/images/hq/201.png,unown,2,,201,unown,data/images/silhouette/201.png
data/images/hq/202.png,wobbuffet,2,,202,wobbuffet,data/images/silhouette/202.png
data/images/hq/203.png,girafarig,2,,203,girafarig,data/images/silhouette/203.png
data/images/hq/204.png,pineco,2,,204,pineco,data/images/silhouette/204.png
data/images/hq/205.png,forretress,2,,205,forretress,data/images/silhouette/205.png
data/images/hq/206.png,dunsparce,2,,206,dunsparce,data/images/silhouette/206.png
data/images/hq/207.png,gligar,2,,207,gligar,data/images/silhouette/207.png
data/images/hq/208-Mega.png,steelix-mega,2,mega,208,steelix,data/images/silhouette/208-Mega.png
data/images/hq/208.png,steelix,2,,208,steelix,data/images/silhouette/208.png
data/images/hq/209.png,snubbull,2,,209,snubbull,data/images/silhouette/209.png
data/images/hq/210.png,granbull,2,,210,granbull,data/images/silhouette/210.png
data/images/hq/211-Hisui.png,qwilfish-hisui,2,hisui,211,qwilfish,data/images/silhouette/211-Hisui.png
data/images/hq/211.png,qwilfish,2,,211,qwilfish,data/images/silhouette/211.png
data/images/hq/212-Mega.png,scizor-mega,2,mega,212,scizor,data/images/silhouette/212-Mega.png
data/images/hq/212.png,scizor,2,,212,scizor,data/images/silhouette/212.png
data/images/hq/213.png,shuckle,2,,213,shuckle,data/images/silhouette/213.png
data/images/hq/214-Mega.png,heracross-mega,2,mega,214,heracross,data/images/silhouette/214-Mega.png
data/images/hq/214.png,heracross,2,,214,heracross,data/images/silhouette/214.png
data/images/hq/215-Hisui.png,sneasel-hisui,2,hisui,215,sneasel,data/images/silhouette/215-Hisui.png
data/images/hq/215.png,sneasel,2,,215,sneasel,data/images/silhouette/215.png
data/images/hq/216.png,teddiursa,2,,216,teddiursa,data/images/silhouette/216.png
data/images/hq/217.png,ursaring,2,,217,ursaring,data/images/silhouette/217.png
data/images/hq/218.png,slugma,2,,218,slugma,data/images/silhouette/218.png
data/images/hq/219.png,magcargo,2,,219,magcargo,data/images/silhouette/219.png
data/images/hq/220.png,swinub,2,,220,swinub,data/images/silhouette/220.png
data/images/hq/221.png,piloswine,2,,221,piloswine,data/images/silhouette/221.png
data/images/hq/222-Galar.png,corsola-galar,2,galar,222,corsola,data/images/silhouette/222-Galar.png
data/images/hq/222.png,corsola,2,,222,corsola,data/images/silhouette/222.png
data/images/hq/223.png,remoraid,2,,223,remoraid,data/images/silhouette/223.png
data/images/hq/224.png,octillery,2,,224,octillery,data/images/silhouette/224.png
data/images/hq/225.png,delibird,2,,225,delibird,data/images/silhouette/225.png
data/images/hq/226.png,mantine,2,,226,mantine,data/images/silhouette/226.png
data/images/hq/227.png,skarmory,2,,227,skarmory,data/images/silhouette/227.png
data/images/hq/228.png,houndour,2,,228,houndour,data/images/silhouette/228.png
data/images/hq/229-Mega.png,houndoom-mega,2,mega,229,houndoom,data/images/silhouette/229-Mega.png
data/images/hq/229.png,houndoom,2,,229,houndoom,data/images/silhouette/229.png
data/images/hq/230.png,kingdra,2,,230,kingdra,data/images/silhouette/230.png
data/images/hq/231.png,phanpy,2,,231,phanpy,data/images/silhouette/231.png
data/images/hq/232.png,donphan,2,,232,donphan,data/images/silhouette/232.png
data/images/hq/233.png,porygon2,2,,233,porygon2,data/images/silhouette/233.png
data/images/hq/234.png,stantler,2,,234,stantler,data/images/silhouette/234.png
data/images/hq/235.png,smeargle,2,,235,smeargle,data/images/silhouette/235.png
data/images/hq/236.png,tyrogue,2,,236,tyrogue,data/images/silhouette/236.png
data/images/hq/237.png,hitmontop,2,,237,hitmontop,data/images/silhouette/237.png
data/images/hq/238.png,smoochum,2,,238,smoochum,data/images/silhouette/238.png
data/images/hq/239.png,elekid,2,,239,elekid,data/images/silhouette/239.png
data/images/hq/240.png,magby,2,,240,magby,data/images/silhouette/240.png
data/images/hq/241.png,miltank,2,,241,miltank,data/images/silhouette/241.png
data/images/hq/242.png,blissey,2,,242,blissey,data/images/silhouette/242.png
data/images/hq/243.png,raikou,2,,243,raikou,data/images/silhouette/243.png
data/images/hq/244.png,entei,2,,244,entei,data/images/silhouette/244.png
data/images/hq/245.png,suicune,2,,245,suicune,data/images/silhouette/245.png
data/images/hq/246.png,larvitar,2,,246,larvitar,data/images/silhouette/246.png
data/images/hq/247.png,pupitar,2,,247,pupitar,data/images/silhouette/247.png
data/images/hq/248-Mega.png,tyranitar-mega,2,mega,248,tyranitar,data/images/silhouette/248-Mega.png
data/images/hq/248.png,tyranitar,2,,248,tyranitar,data/images/silhouette/248.png
data/images/hq/249.png,lugia,2,,249,lugia,data/images/silhouette/249.png
data/images/hq/250.png,ho-oh,2,,250,ho-oh,data/images/silhouette/250.png
data/images/hq/251.png,celebi,2,,251,celebi,data/images/silhouette/251.png
data/images/hq/252.png,treecko,3,,252,treecko,data/images/silhouette/252.png
data/images/hq/253.png,grovyle,3,,253,grovyle,data/images/silhouette/253.png
data/images/hq/254-Mega.png,sceptile-mega,3,mega,254,sceptile,data/images/silhouette/254-Mega.png
data/images/hq/254.png,sceptile,3,,254,sceptile,data/images/silhouette/254.png
data/images/hq/255.png,torchic,3,,255,torchic,data/images/silhouette/255.png
data/images/hq/256.png,combusken,3,,256,combusken,data/images/silhouette/256.png
data/images/hq/257-Mega.png,blaziken-mega,3,mega,257,blaziken,data/images/silhouette/257-Mega.png
data/images/hq/257.png,blaziken,3,,257,blaziken,data/images/silhouette/257.png
data/images/hq/258.png,mudkip,3,,258,mudkip,data/images/silhouette/258.png
data/images/hq/259.png,marshtomp,3,,259,marshtomp,data/images/silhouette/259.png
data/images/hq/260-Mega.png,swampert-mega,3,mega,260,swampert,data/images/silhouette/260-Mega.png
data/images/hq/260.png,swampert,3,,260,swampert,data/images/silhouette/260.png
data/images/hq/261.png,poochyena,3,,261,poochyena,data/images/silhouette/261.png
data/images/hq/262.png,mightyena,3,,262,mightyena,data/images/silhouette/262.png
data/images/hq/263-Galar.png,zigzagoon-galar,3,galar,263,zigzagoon,data/images/silhouette/263-Galar.png
data/images/hq/263.png,zigzagoon,3,,263,zigzagoon,data/images/silhouette/263.png
data/images/hq/264-Galar.png,linoone-galar,3,galar,264,linoone,data/images/silhouette/264-Galar.png
data/images/hq/264.png,linoone,3,,264,linoone,data/images/silhouette/264.png
data/images/hq/265.png,wurmple,3,,265,wurmple,data/images/silhouette/265.png
data/images/hq/266.png,silcoon,3,,266,silcoon,data/images/silhouette/266.png
data/images/hq/267.png,beautifly,3,,267,beautifly,data/images/silhouette/267.png
data/images/hq/268.png,cascoon,3,,268,cascoon,data/images/silhouette/268.png
data/images/hq/269.png,dustox,3,,269,dustox,data/images/silhouette/269.png
data/images/hq/270.png,lotad,3,,270,lotad,data/images/silhouette/270.png
data/images/hq/271.png,lombre,3,,271,lombre,data/images/silhouette/271.png
data/images/hq/272.png,ludicolo,3,,272,ludicolo,data/images/silhouette/272.png
data/images/hq/273.png,seedot,3,,273,seedot,data/images/silhouette/273.png
data/images/hq/274.png,nuzleaf,3,,274,nuzleaf,data/images/silhouette/274.png
data/images/hq/275.png,shiftry,3,,275,shiftry,data/images/silhouette/275.png
data/images/hq/276.png,taillow,3,,276,taillow,data/images/silhouette/276.png
data/images/hq/277.png,swellow,3,,277,swellow,data/images/silhouette/277.png
data/images/hq/278.png,wingull,3,,278,wingull,data/images/silhouette/278.png
data/images/hq/279.png,pelipper,3,,279,pelipper,data/images/silhouette/279.png
data/images/hq/280.png,ralts,3,,280,ralts,data/images/silhouette/280.png
data/images/hq/281.png,kirlia,3,,281,kirlia,data/images/silhouette/281.png
data/images/hq/282-Mega.png,gardevoir-mega,3,mega,282,gardevoir,data/images/silhouette/282-Mega.png
data/images/hq/282.png,gardevoir,3,,282,gardevoir,data/images/silhouette/282.png
data/images/hq/283.png,surskit,3,,283,surskit,data/images/silhouette/283.png
data/images/hq/284.png,masquerain,3,,284,masquerain,data/images/silhouette/284.png
data/images/hq/285.png,shroomish,3,,285,shroomish,data/images/silhouette/285.png
data/images/hq/286.png,breloom,3,,286,breloom,data/images/silhouette/286.png
data/images/hq/287.png,slakoth,3,,287,slakoth,data/images/silhouette/287.png
data/images/hq/288.png,vigoroth,3,,288,vigoroth,data/images/silhouette/288.png
data/images/hq/289.png,slaking,3,,289,slaking,data/images/silhouette/289.png
data/images/hq/290.png,nincada,3,,290,nincada,data/images/silhouette/290.png
data/images/hq/291.png,ninjask,3,,291,ninjask,data/images/silhouette/291.png
data/images/hq/292.png,shedinja,3,,292,shedinja,data/images/silhouette/292.png
data/images/hq/293.png,whismur,3,,293,whismur,data/images/silhouette/293.png
data/images/hq/294.png,loudred,3,,294,loudred,data/images/silhouette/294.png
data/images/hq/295.png,exploud,3,,295,exploud,data/images/silhouette/295.png
data/images/hq/296.png,makuhita,3,,296,makuhita,data/images/silhouette/296.png
data/images/hq/297.png,hariyama,3,,297,hariyama,data/images/silhouette/297.png
data/images/hq/298.png,azurill,3,,298,azurill,data/images/silhouette/298.png
data/images/hq/299.png,nosepass,3,,299,nosepass,data/images/silhouette/299.png
data/images/hq/300.png,skitty,3,,300,skitty,data/images/silhouette/300.png
data/images/hq/301.png,delcatty,3,,301,delcatty,data/images/silhouette/301.png
data/images/hq/302-Mega.png,sableye-mega,3,mega,302,sableye,data/images/silhouette/302-Mega.png
data/images/hq/302.png,sableye,3,,302,sableye,data/images/silhouette/302.png
data/images/hq/303-Mega.png,mawile-mega,3,mega,303,mawile,data/images/silhouette/303-Mega.png
data/images/hq/303.png,mawile,3,,303,mawile,data/images/silhouette/303.png
data/images/hq/304.png,aron,3,,304,aron,data/images/silhouette/304.png
data/images/hq/305.png,lairon,3,,305,lairon,data/images/silhouette/305.png
data/images/hq/306-Mega.png,aggron-mega,3,mega,306,aggron,data/images/silhouette/306-Mega.png
data/images/hq/306.png,aggron,3,,306,aggron,data/images/silhouette/306.png
data/images/hq/307.png,meditite,3,,307,meditite,data/images/silhouette/307.png
data/images/hq/308-Mega.png,medicham-mega,3,mega,308,medicham,data/images/silhouette/308-Mega.png
data/images/hq/308.png,medicham,3,,308,medicham,data/images/silhouette/308.png
data/images/hq/309.png,electrike,3,,309,electrike,data/images/silhouette/309.png
data/images/hq/310-Mega.png,manectric-mega,3,mega,310,manectric,data/images/silhouette/310-Mega.png
data/images/hq/310.png,manectric,3,,310,manectric,data/images/silhouette/310.png
data/images/hq/311.png,plusle,3,,311,plusle,data/images/silhouette/311.png
data/images/hq/312.png,minun,3,,312,minun,data/images/silhouette/312.png
data/images/hq/313.png,volbeat,3,,313,volbeat,data/images/silhouette/313.png
data/images/hq/314.png,illumise,3,,314,illumise,data/images/silhouette/314.png
data/images/hq/315.png,roselia,3,,315,roselia,data/images/silhouette/315.png
data/images/hq/316.png,gulpin,3,,316,gulpin,data/images/silhouette/316.png
data/images/hq/317.png,swalot,3,,317,swalot,data/images/silhouette/317.png
data/images/hq/318.png,carvanha,3,,318,carvanha,data/images/silhouette/318.png
data/images/hq/319-Mega.png,sharpedo-mega,3,mega,319,sharpedo,data/images/silhouette/319-Mega.png
data/images/hq/319.png,sharpedo,3,,319,sharpedo,data/images/silhouette/319.png
data/images/hq/320.png,wailmer,3,,320,wailmer,data/images/silhouette/320.png
data/images/hq/321.png,wailord,3,,321,wailord,data/images/silhouette/321.png
data/images/hq/322.png,numel,3,,322,numel,data/images/silhouette/322.png
data/images/hq/323-Mega.png,camerupt-mega,3,mega,323,camerupt,data/images/silhouette/323-Mega.png
data/images/hq/323.png,camerupt,3,,323,camerupt,data/images/silhouette/323.png
data/images/hq/324.png,torkoal,3,,324,torkoal,data/images/silhouette/324.png
data/images/hq/325.png,spoink,3,,325,spoink,data/images/silhouette/325.png
data/images/hq/326.png,grumpig,3,,326,grumpig,data/images/silhouette/326.png
data/images/hq/327.png,spinda,3,,327,spinda,data/images/silhouette/327.png
data/images/hq/328.png,trapinch,3,,328,trapinch,data/images/silhouette/328.png
data/images/hq/329.png,vibrava,3,,329,vibrava,data/images/silhouette/329.png
data/images/hq/330.png,flygon,3,,330,flygon,data/images/silhouette/330.png
data/images/hq/331.png,cacnea,3,,331,cacnea,data/images/silhouette/331.png
data/images/hq/332.png,cacturne,3,,332,cacturne,data/images/silhouette/332.png
data/images/hq/333.png,swablu,3,,333,swablu,data/images/silhouette/333.png
data/images/hq/334-Mega.png,altaria-mega,3,mega,334,altaria,data/images/silhouette/334-Mega.png
data/images/hq/334.png,altaria,3,,334,altaria,data/images/silhouette/334.png
data/images/hq/335.png,zangoose,3,,335,zangoose,data/images/silhouette/335.png
data/images/hq/336.png,seviper,3,,336,seviper,data/images/silhouette/336.png
data/images/hq/337.png,lunatone,3,,337,lunatone,data/images/silhouette/337.png
data/images/hq/338.png,solrock,3,,338,solrock,data/images/silhouette/338.png
data/images/hq/339.png,barboach,3,,339,barboach,data/images/silhouette/339.png
data/images/hq/340.png,whiscash,3,,340,whiscash,data/images/silhouette/340.png
data/images/hq/341.png,corphish,3,,341,corphish,data/images/silhouette/341.png
data/images/hq/342.png,crawdaunt,3,,342,crawdaunt,data/images/silhouette/342.png
data/images/hq/343.png,baltoy,3,,343,baltoy,data/images/silhouette/343.png
data/images/hq/344.png,claydol,3,,344,claydol,data/images/silhouette/344.png
data/images/hq/345.png,lileep,3,,345,lileep,data/images/silhouette/345.png
data/images/hq/346.png,cradily,3,,346,cradily,data/images/silhouette/346.png
data/images/hq/347.png,anorith,3,,347,anorith,data/images/silhouette/347.png
data/images/hq/348.png,armaldo,3,,348,armaldo,data/images/silhouette/348.png
data/images/hq/349.png,feebas,3,,349,feebas,data/images/silhouette/349.png
data/images/hq/350.png,milotic,3,,350,milotic,data/images/silhouette/350.png
data/images/hq/351-Rainy.png,castform-rainy,3,rainy,351,castform,data/images/silhouette/351-Rainy.png
data/images/hq/351-Snowy.png,castform-snowy,3,snowy,351,castform,data/images/silhouette/351-Snowy.png
data/images/hq/351-Sunny.png,castform-sunny,3,sunny,351,castform,data/images/silhouette/351-Sunny.png
data/images/hq/351.png,castform,3,,351,castform,data/images/silhouette/351.png
data/images/hq/352.png,kecleon,3,,352,kecleon,data/images/silhouette/352.png
data/images/hq/353.png,shuppet,3,,353,shuppet,data/images/silhouette/353.png
data/images/hq/354-Mega.png,banette-mega,3,mega,354,banette,data/images/silhouette/354-Mega.png
data/images/hq/354.png,banette,3,,354,banette,data/images/silhouette/354.png
data/images/hq/355.png,duskull,3,,355,duskull,data/images/silhouette/355.png
data/images/hq/356.png,dusclops,3,,356,dusclops,data/images/silhouette/356.png
data/images/hq/357.png,tropius,3,,357,tropius,data/images/silhouette/357.png
data/images/hq/358.png,chimecho,3,,358,chimecho,data/images/silhouette/358.png
data/images/hq/359-Mega.png,absol-mega,3,mega,359,absol,data/images/silhouette/359-Mega.png
data/images/hq/359.png,absol,3,,359,absol,data/images/silhouette/359.png
data/images/hq/360.png,wynaut,3,,360,wynaut,data/images/silhouette/360.png
data/images/hq/361.png,snorunt,3,,361,snorunt,data/images/silhouette/361.png
data/images/hq/362-Mega.png,glalie-mega,3,mega,362,glalie,data/images/silhouette/362-Mega.png
data/images/hq/362.png,glalie,3,,362,glalie,data/images/silhouette/362.png
data/images/hq/363.png,spheal,3,,363,spheal,data/images/silhouette/363.png
data/images/hq/364.png,sealeo,3,,364,sealeo,data/images/silhouette/364.png
data/images/hq/365.png,walrein,3,,365,walrein,data/images/silhouette/365.png
data/images/hq/366.png,clamperl,3,,366,clamperl,data/images/silhouette/366.png
data/images/hq/367.png,huntail,3,,367,huntail,data/images/silhouette/367.png
data/images/hq/368.png,gorebyss,3,,368,gorebyss,data/images/silhouette/368.png
data/images/hq/369.png,relicanth,3,,369,relicanth,data/images/silhouette/369.png
data/images/hq/370.png,luvdisc,3,,370,luvdisc,data/images/silhouette/370.png
data/images/hq/371.png,bagon,3,,371,bagon,data/images/silhouette/371.png
data/images/hq/372.png,shelgon,3,,372,shelgon,data/images/silhouette/372.png
data/images/hq/373-Mega.png,salamence-mega,3,mega,373,salamence,data/images/silhouette/373-Mega.png
data/images/hq/373.png,salamence,3,,373,salamence,data/images/silhouette/373.png
data/images/hq/374.png,beldum,3,,374,beldum,data/images/silhouette/374.png
data/images/hq/375.png,metang,3,,375,metang,data/images/silhouette/375.png
data/images/hq/376-Mega.png,metagross-mega,3,mega,376,metagross,data/images/silhouette/376-Mega.png
data/images/hq/376.png,metagross,3,,376,metagross,data/images/silhouette/376.png
data/images/hq/377.png,regirock,3,,377,regirock,data/images/silhouette/377.png
data/images/hq/378.png,regice,3,,378,regice,data/images/silhouette/378.png
data/images/hq/379.png,registeel,3,,379,registeel,data/images/silhouette/379.png
data/images/hq/380-Mega.png,latias-mega,3,mega,380,latias,data/images/silhouette/380-Mega.png
data/images/hq/380.png,latias,3,,380,latias,data/images/silhouette/380.png
data/images/hq/381-Mega.png,latios-mega,3,mega,381,latios,data/images/silhouette/381-Mega.png
data/images/hq/381.png,latios,3,,381,latios,data/images/silhouette/381.png
data/images/hq/382-Primal.png,kyogre-primal,3,primal,382,kyogre,data/images/silhouette/382-Primal.png
data/images/hq/382.png,kyogre,3,,382,kyogre,data/images/silhouette/382.png
data/images/hq/383-Primal.png,groudon-primal,3,primal,383,groudon,data/images/silhouette/383-Primal.png
data/images/hq/383.png,groudon,3,,383,groudon,data/images/silhouette/383.png
data/images/hq/384-Mega.png,rayquaza-mega,3,mega,384,rayquaza,data/images/silhouette/384-Mega.png
data/images/hq/384.png,rayquaza,3,,384,rayquaza,data/images/silhouette/384.png
data/images/hq/385.png,jirachi,3,,385,jirachi,data/images/silhouette/385.png
data/images/hq/386-Attack.png,deoxys-normal-attack,3,attack,386,deoxys-normal,data/images/silhouette/386-Attack.png
data/images/hq/386-Defense.png,deoxys-normal-defense,3,defense,386,deoxys-normal,data/images/silhouette/386-Defense.png
data/images/hq/386-Speed.png,deoxys-normal-speed,3,speed,386,deoxys-normal,data/images/silhouette/386-Speed.png
data/images/hq/386.png,deoxys-normal,3,,386,deoxys-normal,data/images/silhouette/386.png
data/images/hq/387.png,turtwig,4,,387,turtwig,data/images/silhouette/387.png
data/images/hq/388.png,grotle,4,,388,grotle,data/images/silhouette/388.png
data/images/hq/389.png,torterra,4,,389,torterra,data/images/silhouette/389.png
data/images/hq/390.png,chimchar,4,,390,chimchar,data/images/silhouette/390.png
data/images/hq/391.png,monferno,4,,391,monferno,data/images/silhouette/391.png
data/images/hq/392.png,infernape,4,,392,infernape,data/images/silhouette/392.png
data/images/hq/393.png,piplup,4,,393,piplup,data/images/silhouette/393.png
data/images/hq/394.png,prinplup,4,,394,prinplup,data/images/silhouette/394.png
data/images/hq/395.png,empoleon,4,,395,empoleon,data/images/silhouette/395.png
data/images/hq/396.png,starly,4,,396,starly,data/images/silhouette/396.png
data/images/hq/397.png,staravia,4,,397,staravia,data/images/silhouette/397.png
data/images/hq/398.png,staraptor,4,,398,staraptor,data/images/silhouette/398.png
data/images/hq/399.png,bidoof,4,,399,bidoof,data/images/silhouette/399.png
data/images/hq/400.png,bibarel,4,,400,bibarel,data/images/silhouette/400.png
data/images/hq/401.png,kricketot,4,,401,kricketot,data/images/silhouette/401.png
data/images/hq/402.png,kricketune,4,,402,kricketune,data/images/silhouette/402.png
data/images/hq/403.png,shinx,4,,403,shinx,data/images/silhouette/403.png
data/images/hq/404.png,luxio,4,,404,luxio,data/images/silhouette/404.png
data/images/hq/405.png,luxray,4,,405,luxray,data/images/silhouette/405.png
data/images/hq/406.png,budew,4,,406,budew,data/images/silhouette/406.png
data/images/hq/407.png,roserade,4,,407,roserade,data/images/silhouette/407.png
data/images/hq/408.png,cranidos,4,,408,cranidos,data/images/silhouette/408.png
data/images/hq/409.png,rampardos,4,,409,rampardos,data/images/silhouette/409.png
data/images/hq/410.png,shieldon,4,,410,shieldon,data/images/silhouette/410.png
data/images/hq/411.png,bastiodon,4,,411,bastiodon,data/images/silhouette/411.png
data/images/hq/412-Sandy.png,burmy-sandy,4,sandy,412,burmy,data/images/silhouette/412-Sandy.png
data/images/hq/412-Trash.png,burmy-trash,4,trash,412,burmy,data/images/silhouette/412-Trash.png
data/images/hq/412.png,burmy,4,,412,burmy,data/images/silhouette/412.png
data/images/hq/413-Sandy.png,wormadam-plant-sandy,4,sandy,413,wormadam-plant,data/images/silhouette/413-Sandy.png
data/images/hq/413-Trash.png,wormadam-plant-trash,4,trash,413,wormadam-plant,data/images/silhouette/413-Trash.png
data/images/hq/413.png,wormadam-plant,4,,413,wormadam-plant,data/images/silhouette/413.png
data/images/hq/414.png,mothim,4,,414,mothim,data/images/silhouette/414.png
data/images/hq/415.png,combee,4,,415,combee,data/images/silhouette/415.png
data/images/hq/416.png,vespiquen,4,,416,vespiquen,data/images/silhouette/416.png
data/images/hq/417.png,pachirisu,4,,417,pachirisu,data/images/silhouette/417.png
data/images/hq/418.png,buizel,4,,418,buizel,data/images/silhouette/418.png
data/images/hq/419.png,floatzel,4,,419,floatzel,data/images/silhouette/419.png
data/images/hq/420.png,cherubi,4,,420,cherubi,data/images/silhouette/420.png
data/images/hq/421-Sunshine.png,cherrim-sunshine,4,sunshine,421,cherrim,data/images/silhouette/421-Sunshine.png
data/images/hq/421.png,cherrim,4,,421,cherrim,data/images/silhouette/421.png
data/images/hq/422-East.png,shellos-east,4,east,422,shellos,data/images/silhouette/422-East.png
data/images/hq/422-West.png,shellos-west,4,west,422,shellos,data/images/silhouette/422-West.png
data/images/hq/422.png,shellos,4,,422,shellos,data/images/silhouette/422.png
data/images/hq/423-East.png,gastrodon-east,4,east,423,gastrodon,data/images/silhouette/423-East.png
data/images/hq/423-West.png,gastrodon-west,4,west,423,gastrodon,data/images/silhouette/423-West.png
data/images/hq/423.png,gastrodon,4,,423,gastrodon,data/images/silhouette/423.png
data/images/hq/424.png,ambipom,4,,424,ambipom,data/images/silhouette/424.png
data/images/hq/425.png,drifloon,4,,425,drifloon,data/images/silhouette/425.png
data/images/hq/426.png,drifblim,4,,426,drifblim,data/images/silhouette/426.png
data/images/hq/427.png,buneary,4,,427,buneary,data/images/silhouette/427.png
data/images/hq/428-Mega.png,lopunny-mega,4,mega,428,lopunny,data/images/silhouette/428-Mega.png
data/images/hq/428.png,lopunny,4,,428,lopunny,data/images/silhouette/428.png
data/images/hq/429.png,mismagius,4,,429,mismagius,data/images/silhouette/429.png
data/images/hq/430.png,honchkrow,4,,430,honchkrow,data/images/silhouette/430.png
data/images/hq/431.png,glameow,4,,431,glameow,data/images/silhouette/431.png
data/images/hq/432.png,purugly,4,,432,purugly,data/images/silhouette/432.png
data/images/hq/433.png,chingling,4,,433,chingling,data/images/silhouette/433.png
data/images/hq/434.png,stunky,4,,434,stunky,data/images/silhouette/434.png
data/images/hq/435.png,skuntank,4,,435,skuntank,data/images/silhouette/435.png
data/images/hq/436.png,bronzor,4,,436,bronzor,data/images/silhouette/436.png
data/images/hq/437.png,bronzong,4,,437,bronzong,data/images/silhouette/437.png
data/images/hq/438.png,bonsly,4,,438,bonsly,data/images/silhouette/438.png
data/images/hq/439.png,mime-jr,4,,439,mime-jr,data/images/silhouette/439.png
data/images/hq/440.png,happiny,4,,440,happiny,data/images/silhouette/440.png
data/images/hq/441.png,chatot,4,,441,chatot,data/images/silhouette/441.png
data/images/hq/442.png,spiritomb,4,,442,spiritomb,data/images/silhouette/442.png
data/images/hq/443.png,gible,4,,443,gible,data/images/silhouette/443.png
data/images/hq/444.png,gabite,4,,444,gabite,data/images/silhouette/444.png
data/images/hq/445-Mega.png,garchomp-mega,4,mega,445,garchomp,data/images/silhouette/445-Mega.png
data/images/hq/445.png,garchomp,4,,445,garchomp,data/images/silhouette/445.png
data/images/hq/446.png,munchlax,4,,446,munchlax,data/images/silhouette/446.png
data/images/hq/447.png,riolu,4,,447,riolu,data/images/silhouette/447.png
data/images/hq/448-Mega.png,lucario-mega,4,mega,448,lucario,data/images/silhouette/448-Mega.png
data/images/hq/448.png,lucario,4,,448,lucario,data/images/silhouette/448.png
data/images/hq/449.png,hippopotas,4,,449,hippopotas,data/images/silhouette/449.png
data/images/hq/450.png,hippowdon,4,,450,hippowdon,data/images/silhouette/450.png
data/images/hq/451.png,skorupi,4,,451,skorupi,data/images/silhouette/451.png
data/images/hq/452.png,drapion,4,,452,drapion,data/images/silhouette/452.png
data/images/hq/453.png,croagunk,4,,453,croagunk,data/images/silhouette/453.png
data/images/hq/454.png,toxicroak,4,,454,toxicroak,data/images/silhouette/454.png
data/images/hq/455.png,carnivine,4,,455,carnivine,data/images/silhouette/455.png
data/images/hq/456.png,finneon,4,,456,finneon,data/images/silhouette/456.png
data/images/hq/457.png,lumineon,4,,457,lumineon,data/images/silhouette/457.png
data/images/hq/458.png,mantyke,4,,458,mantyke,data/images/silhouette/458.png
data/images/hq/459.png,snover,4,,459,snover,data/images/silhouette/459.png
data/images/hq/460-Mega.png,abomasnow-mega,4,mega,460,abomasnow,data/images/silhouette/460-Mega.png
data/images/hq/460.png,abomasnow,4,,460,abomasnow,data/images/silhouette/460.png
data/images/hq/461.png,weavile,4,,461,weavile,data/images/silhouette/461.png
data/images/hq/462.png,magnezone,4,,462,magnezone,data/images/silhouette/462.png
data/images/hq/463.png,lickilicky,4,,463,lickilicky,data/images/silhouette/463.png
data/images/hq/464.png,rhyperior,4,,464,rhyperior,data/images/silhouette/464.png
data/images/hq/465.png,tangrowth,4,,465,tangrowth,data/images/silhouette/465.png
data/images/hq/466.png,electivire,4,,466,electivire,data/images/silhouette/466.png
data/images/hq/467.png,magmortar,4,,467,magmortar,data/images/silhouette/467.png
data/images/hq/468.png,togekiss,4,,468,togekiss,data/images/silhouette/468.png
data/images/hq/469.png,yanmega,4,,469,yanmega,data/images/silhouette/469.png
data/images/hq/470.png,leafeon,4,,470,leafeon,data/images/silhouette/470.png
data/images/hq/471.png,glaceon,4,,471,glaceon,data/images/silhouette/471.png
data/images/hq/472.png,gliscor,4,,472,gliscor,data/images/silhouette/472.png
data/images/hq/473.png,mamoswine,4,,473,mamoswine,data/images/silhouette/473.png
data/images/hq/474.png,porygon-z,4,,474,porygon-z,data/images/silhouette/474.png
data/images/hq/475-Mega.png,gallade-mega,4,mega,475,gallade,data/images/silhouette/475-Mega.png
data/images/hq/475.png,gallade,4,,475,gallade,data/images/silhouette/475.png
data/images/hq/476.png,probopass,4,,476,probopass,data/images/silhouette/476.png
data/images/hq/477.png,dusknoir,4,,477,dusknoir,data/images/silhouette/477.png
data/images/hq/478.png,froslass,4,,478,froslass,data/images/silhouette/478.png
data/images/hq/479-Fan.png,rotom-fan,4,fan,479,rotom,data/images/silhouette/479-Fan.png
data/images/hq/479-Frost.png,rotom-frost,4,frost,479,rotom,data/images/silhouette/479-Frost.png
data/images/hq/479-Heat.png,rotom-heat,4,heat,479,rotom,data/images/silhouette/479-Heat.png
data/images/hq/479-Mow.png,rotom-mow,4,mow,479,rotom,data/images/silhouette/479-Mow.png
data/images/hq/479-Wash.png,rotom-wash,4,wash,479,rotom,data/images/silhouette/479-Wash.png
data/images/hq/479.png,rotom,4,,479,rotom,data/images/silhouette/479.png
data/images/hq/480.png,uxie,4,,480,uxie,data/images/silhouette/480.png
data/images/hq/481.png,mesprit,4,,481,mesprit,data/images/silhouette/481.png
data/images/hq/482.png,azelf,4,,482,azelf,data/images/silhouette/482.png
data/images/hq/483-Origin.png,dialga-origin,4,origin,483,dialga,data/images/silhouette/483-Origin.png
data/images/hq/483.png,dialga,4,,483,dialga,data/images/silhouette/483.png
data/images/hq/484-Origin.png,palkia-origin,4,origin,484,palkia,data/images/silhouette/484-Origin.png
data/images/hq/484.png,palkia,4,,484,palkia,data/images/silhouette/484.png
data/images/hq/485.png,heatran,4,,485,heatran,data/images/silhouette/485.png
data/images/hq/486.png,regigigas,4,,486,regigigas,data/images/silhouette/486.png
data/images/hq/487-Origin.png,giratina-altered-origin,4,origin,487,giratina-altered,data/images/silhouette/487-Origin.png
data/images/hq/487.png,giratina-altered,4,,487,giratina-altered,data/images/silhouette/487.png
data/images/hq/488.png,cresselia,4,,488,cresselia,data/images/silhouette/488.png
data/images/hq/489.png,phione,4,,489,phione,data/images/silhouette/489.png
data/images/hq/490.png,manaphy,4,,490,manaphy,data/images/silhouette/490.png
data/images/hq/491.png,darkrai,4,,491,darkrai,data/images/silhouette/491.png
data/images/hq/492-Sky.png,shaymin-land-sky,4,sky,492,shaymin-land,data/images/silhouette/492-Sky.png
data/images/hq/492.png,shaymin-land,4,,492,shaymin-land,data/images/silhouette/492.png
data/images/hq/493.png,arceus,4,,493,arceus,data/images/silhouette/493.png
data/images/hq/494.png,victini,5,,494,victini,data/images/silhouette/494.png
data/images/hq/495.png,snivy,5,,495,snivy,data/images/silhouette/495.png
data/images/hq/496.png,servine,5,,496,servine,data/images/silhouette/496.png
data/images/hq/497.png,serperior,5,,497,serperior,data/images/silhouette/497.png
data/images/hq/498.png,tepig,5,,498,tepig,data/images/silhouette/498.png
data/images/hq/499.png,pignite,5,,499,pignite,data/images/silhouette/499.png
data/images/hq/500.png,emboar,5,,500,emboar,data/images/silhouette/500.png
data/images/hq/501.png,oshawott,5,,501,oshawott,data/images/silhouette/501.png
data/images/hq/502.png,dewott,5,,502,dewott,data/images/silhouette/502.png
data/images/hq/503-Hisui.png,samurott-hisui,5,hisui,503,samurott,data/images/silhouette/503-Hisui.png
data/images/hq/503.png,samurott,5,,503,samurott,data/images/silhouette/503.png
data/images/hq/504.png,patrat,5,,504,patrat,data/images/silhouette/504.png
data/images/hq/505.png,watchog,5,,505,watchog,data/images/silhouette/505.png
data/images/hq/506.png,lillipup,5,,506,lillipup,data/images/silhouette/506.png
data/images/hq/507.png,herdier,5,,507,herdier,data/images/silhouette/507.png
data/images/hq/508.png,stoutland,5,,508,stoutland,data/images/silhouette/508.png
data/images/hq/509.png,purrloin,5,,509,purrloin,data/images/silhouette/509.png
data/images/hq/510.png,liepard,5,,510,liepard,data/images/silhouette/510.png
data/images/hq/511.png,pansage,5,,511,pansage,data/images/silhouette/511.png
data/images/hq/512.png,simisage,5,,512,simisage,data/images/silhouette/512.png
data/images/hq/513.png,pansear,5,,513,pansear,data/images/silhouette/513.png
data/images/hq/514.png,simisear,5,,514,simisear,data/images/silhouette/514.png
data/images/hq/515.png,panpour,5,,515,panpour,data/images/silhouette/515.png
data/images/hq/516.png,simipour,5,,516,simipour,data/images/silhouette/516.png
data/images/hq/517.png,munna,5,,517,munna,data/images/silhouette/517.png
data/images/hq/518.png,musharna,5,,518,musharna,data/images/silhouette/518.png
data/images/hq/519.png,pidove,5,,519,pidove,data/images/silhouette/519.png
data/images/hq/520.png,tranquill,5,,520,tranquill,data/images/silhouette/520.png
data/images/hq/521.png,unfezant,5,,521,unfezant,data/images/silhouette/521.png
data/images/hq/522.png,blitzle,5,,522,blitzle,data/images/silhouette/522.png
data/images/hq/523.png,zebstrika,5,,523,zebstrika,data/images/silhouette/523.png
data/images/hq/524.png,roggenrola,5,,524,roggenrola,data/images/silhouette/524.png
data/images/hq/525.png,boldore,5,,525,boldore,data/images/silhouette/525.png
data/images/hq/526.png,gigalith,5,,526,gigalith,data/images/silhouette/526.png
data/images/hq/527.png,woobat,5,,527,woobat,data/images/silhouette/527.png
data/images/hq/528.png,swoobat,5,,528,swoobat,data/images/silhouette/528.png
data/images/hq/529.png,drilbur,5,,529,drilbur,data/images/silhouette/529.png
data/images/hq/530.png,excadrill,5,,530,excadrill,data/images/silhouette/530.png
data/images/hq/531-Mega.png,audino-mega,5,mega,531,audino,data/images/silhouette/531-Mega.png
data/images/hq/531.png,audino,5,,531,audino,data/images/silhouette/531.png
data/images/hq/532.png,timburr,5,,532,timburr,data/images/silhouette/532.png
data/images/hq/533.png,gurdurr,5,,533,gurdurr,data/images/silhouette/533.png
data/images/hq/534.png,conkeldurr,5,,534,conkeldurr,data/images/silhouette/534.png
data/images/hq/535.png,tympole,5,,535,tympole,data/images/silhouette/535.png
data/images/hq/536.png,palpitoad,5,,536,palpitoad,data/images/silhouette/536.png
data/images/hq/537.png,seismitoad,5,,537,seismitoad,data/images/silhouette/537.png
data/images/hq/538.png,throh,5,,538,throh,data/images/silhouette/538.png
data/images/hq/539.png,sawk,5,,539,sawk,data/images/silhouette/539.png
data/images/hq/540.png,sewaddle,5,,540,sewaddle,data/images/silhouette/540.png
data/images/hq/541.png,swadloon,5,,541,swadloon,data/images/silhouette/541.png
data/images/hq/542.png,leavanny,5,,542,leavanny,data/images/silhouette/542.png
data/images/hq/543.png,venipede,5,,543,venipede,data/images/silhouette/543.png
data/images/hq/544.png,whirlipede,5,,544,whirlipede,data/images/silhouette/544.png
data/images/hq/545.png,scolipede,5,,545,scolipede,data/images/silhouette/545.png
data/images/hq/546.png,cottonee,5,,546,cottonee,data/images/silhouette/546.png
data/images/hq/547.png,whimsicott,5,,547,whimsicott,data/images/silhouette/547.png
data/images/hq/548.png,petilil,5,,548,petilil,data/images/silhouette/548.png
data/images/hq/549-Hisui.png,lilligant-hisui,5,hisui,549,lilligant,data/images/silhouette/549-Hisui.png
data/images/hq/549.png,lilligant,5,,549,lilligant,data/images/silhouette/549.png
data/images/hq/550-Blue-Striped.png,basculin-red-striped-blue-striped,5,blue-striped,550,basculin-red-striped,data/images/silhouette/550-Blue-Striped.png
data/images/hq/550-Red-Striped.png,basculin-red-striped-red-striped,5,red-striped,550,basculin-red-striped,data/images/silhouette/550-Red-Striped.png
data/images/hq/550-White-Striped.png,basculin-red-striped-white-striped,5,white-striped,550,basculin-red-striped,data/images/silhouette/550-White-Striped.png
data/images/hq/550.png,basculin-red-striped,5,,550,basculin-red-striped,data/images/silhouette/550.png
data/images/hq/551.png,sandile,5,,551,sandile,data/images/silhouette/551.png
data/images/hq/552.png,krokorok,5,,552,krokorok,data/images/silhouette/552.png
data/images/hq/553.png,krookodile,5,,553,krookodile,data/images/silhouette/553.png
data/images/hq/554-Galar.png,darumaka-galar,5,galar,554,darumaka,data/images/silhouette/554-Galar.png
data/images/hq/554.png,darumaka,5,,554,darumaka,data/images/silhouette/554.png
data/images/hq/555-Galar-Standard.png,darmanitan-standard-galar-standard,5,galar-standard,555,darmanitan-standard,data/images/silhouette/555-Galar-Standard.png
data/images/hq/555-Galar-Zen.png,darmanitan-standard-galar-zen,5,galar-zen,555,darmanitan-standard,data/images/silhouette/555-Galar-Zen.png
data/images/hq/555-Zen.png,darmanitan-standard-zen,5,zen,555,darmanitan-standard,data/images/silhouette/555-Zen.png
data/images/hq/555.png,darmanitan-standard,5,,555,darmanitan-standard,data/images/silhouette/555.png
data/images/hq/556.png,maractus,5,,556,maractus,data/images/silhouette/556.png
data/images/hq/557.png,dwebble,5,,557,dwebble,data/images/silhouette/557.png
data/images/hq/558.png,crustle,5,,558,crustle,data/images/silhouette/558.png
data/images/hq/559.png,scraggy,5,,559,scraggy,data/images/silhouette/559.png
data/images/hq/560.png,scrafty,5,,560,scrafty,data/images/silhouette/560.png
data/images/hq/561.png,sigilyph,5,,561,sigilyph,data/images/silhouette/561.png
data/images/hq/562-Galar.png,yamask-galar,5,galar,562,yamask,data/images/silhouette/562-Galar.png
data/images/hq/562.png,yamask,5,,562,yamask,data/images/silhouette/562.png
data/images/hq/563.png,cofagrigus,5,,563,cofagrigus,data/images/silhouette/563.png
data/images/hq/564.png,tirtouga,5,,564,tirtouga,data/images/silhouette/564.png
data/images/hq/565.png,carracosta,5,,565,carracosta,data/images/silhouette/565.png
data/images/hq/566.png,archen,5,,566,archen,data/images/silhouette/566.png
data/images/hq/567.png,archeops,5,,567,archeops,data/images/silhouette/567.png
data/images/hq/568.png,trubbish,5,,568,trubbish,data/images/silhouette/568.png
data/images/hq/569-Gmax.png,garbodor-gmax,5,gmax,569,garbodor,data/images/silhouette/569-Gmax.png
data/images/hq/569.png,garbodor,5,,569,garbodor,data/images/silhouette/569.png
data/images/hq/570-Hisui.png,zorua-hisui,5,hisui,570,zorua,data/images/silhouette/570-Hisui.png
data/images/hq/570.png,zorua,5,,570,zorua,data/images/silhouette/570.png
data/images/hq/571-Hisui.png,zoroark-hisui,5,hisui,571,zoroark,data/images/silhouette/571-Hisui.png
data/images/hq/571.png,zoroark,5,,571,zoroark,data/images/silhouette/571.png
data/images/hq/572.png,minccino,5,,572,minccino,data/images/silhouette/572.png
data/images/hq/573.png,cinccino,5,,573,cinccino,data/images/silhouette/573.png
data/images/hq/574.png,gothita,5,,574,gothita,data/images/silhouette/574.png
data/images/hq/575.png,gothorita,5,,575,gothorita,data/images/silhouette/575.png
data/images/hq/576.png,gothitelle,5,,576,gothitelle,data/images/silhouette/576.png
data/images/hq/577.png,solosis,5,,577,solosis,data/images/silhouette/577.png
data/images/hq/578.png,duosion,5,,578,duosion,data/images/silhouette/578.png
data/images/hq/579.png,reuniclus,5,,579,reuniclus,data/images/silhouette/579.png
data/images/hq/580.png,ducklett,5,,580,ducklett,data/images/silhouette/580.png
data/images/hq/581.png,swanna,5,,581,swanna,data/images/silhouette/581.png
data/images/hq/582.png,vanillite,5,,582,vanillite,data/images/silhouette/582.png
data/images/hq/583.png,vanillish,5,,583,vanillish,data/images/silhouette/583.png
data/images/hq/584.png,vanilluxe,5,,584,vanilluxe,data/images/silhouette/584.png
data/images/hq/585-Autumn.png,deerling-autumn,5,autumn,585,deerling,data/images/silhouette/585-Autumn.png
data/images/hq/585-Summer.png,deerling-summer,5,summer,585,deerling,data/images/silhouette/585-Summer.png
data/images/hq/585-Winter.png,deerling-winter,5,winter,585,deerling,data/images/silhouette/585-Winter.png
data/images/hq/585.png,deerling,5,,585,deerling,data/images/silhouette/585.png
data/images/hq/586-Autumn.png,sawsbuck-autumn,5,autumn,586,sawsbuck,data/images/silhouette/586-Autumn.png
data/images/hq/586-Summer.png,sawsbuck-summer,5,summer,586,sawsbuck,data/images/silhouette/586-Summer.png
data/images/hq/586-Winter.png,sawsbuck-winter,5,winter,586,sawsbuck,data/images/silhouette/586-Winter.png
data/images/hq/586.png,sawsbuck,5,,586,sawsbuck,data/images/silhouette/586.png
data/images/hq/587.png,emolga,5,,587,emolga,data/images/silhouette/587.png
data/images/hq/588.png,karrablast,5,,588,karrablast,data/images/silhouette/588.png
data/images/hq/589.png,escavalier,5,,589,escavalier,data/images/silhouette/589.png
data/images/hq/590.png,foongus,5,,590,foongus,data/images/silhouette/590.png
data/images/hq/591.png,amoonguss,5,,591,amoonguss,data/images/silhouette/591.png
data/images/hq/592.png,frillish,5,,592,frillish,data/images/silhouette/592.png
data/images/hq/593.png,jellicent,5,,593,jellicent,data/images/silhouette/593.png
data/images/hq/594.png,alomomola,5,,594,alomomola,data/images/silhouette/594.png
data/images/hq/595.png,joltik,5,,595,joltik,data/images/silhouette/595.png
data/images/hq/596.png,galvantula,5,,596,galvantula,data/images/silhouette/596.png
data/images/hq/597.png,ferroseed,5,,597,ferroseed,data/images/silhouette/597.png
data/images/hq/598.png,ferrothorn,5,,598,ferrothorn,data/images/silhouette/598.png
data/images/hq/599.png,klink,5,,599,klink,data/images/silhouette/599.png
data/images/hq/600.png,klang,5,,600,klang,data/images/silhouette/600.png
data/images/hq/601.png,klinklang,5,,601,klinklang,data/images/silhouette/601.png
data/images/hq/602.png,tynamo,5,,602,tynamo,data/images/silhouette/602.png
data/images/hq/603.png,eelektrik,5,,603,eelektrik,data/images/silhouette/603.png
data/images/hq/604.png,eelektross,5,,604,eelektross,data/images/silhouette/604.png
data/images/hq/605.png,elgyem,5,,605,elgyem,data/images/silhouette/605.png
data/images/hq/606.png,beheeyem,5,,606,beheeyem,data/images/silhouette/606.png
data/images/hq/607.png,litwick,5,,607,litwick,data/images/silhouette/607.png
data/images/hq/608.png,lampent,5,,608,lampent,data/images/silhouette/608.png
data/images/hq/609.png,chandelure,5,,609,chandelure,data/images/silhouette/609.png
data/images/hq/610.png,axew,5,,610,axew,data/images/silhouette/610.png
data/images/hq/611.png,fraxure,5,,611,fraxure,data/images/silhouette/611.png
data/images/hq/612.png,haxorus,5,,612,haxorus,data/images/silhouette/612.png
data/images/hq/613.png,cubchoo,5,,613,cubchoo,data/images/silhouette/613.png
data/images/hq/614.png,beartic,5,,614,beartic,data/images/silhouette/614.png
data/images/hq/615.png,cryogonal,5,,615,cryogonal,data/images/silhouette/615.png
data/images/hq/616.png,shelmet,5,,616,shelmet,data/images/silhouette/616.png
data/images/hq/617.png,accelgor,5,,617,accelgor,data/images/silhouette/617.png
data/images/hq/618-Galar.png,stunfisk-galar,5,galar,618,stunfisk,data/images/silhouette/618-Galar.png
data/images/hq/618.png,stunfisk,5,,618,stunfisk,data/images/silhouette/618.png
data/images/hq/619.png,mienfoo,5,,619,mienfoo,data/images/silhouette/619.png
data/images/hq/620.png,mienshao,5,,620,mienshao,data/images/silhouette/620.png
data/images/hq/621.png,druddigon,5,,621,druddigon,data/images/silhouette/621.png
data/images/hq/622.png,golett,5,,622,golett,data/images/silhouette/622.png
data/images/hq/623.png,golurk,5,,623,golurk,data/images/silhouette/623.png
data/images/hq/624.png,pawniard,5,,624,pawniard,data/images/silhouette/624.png
data/images/hq/625.png,bisharp,5,,625,bisharp,data/images/silhouette/625.png
data/images/hq/626.png,bouffalant,5,,626,bouffalant,data/images/silhouette/626.png
data/images/hq/627.png,rufflet,5,,627,rufflet,data/images/silhouette/627.png
data/images/hq/628-Hisui.png,braviary-hisui,5,hisui,628,braviary,data/images/silhouette/628-Hisui.png
data/images/hq/628.png,braviary,5,,628,braviary,data/images/silhouette/628.png
data/images/hq/629.png,vullaby,5,,629,vullaby,data/images/silhouette/629.png
data/images/hq/630.png,mandibuzz,5,,630,mandibuzz,data/images/silhouette/630.png
data/images/hq/631.png,heatmor,5,,631,heatmor,data/images/silhouette/631.png
data/images/hq/632.png,durant,5,,632,durant,data/images/silhouette/632.png
data/images/hq/633.png,deino,5,,633,deino,data/images/silhouette/633.png
data/images/hq/634.png,zweilous,5,,634,zweilous,data/images/silhouette/634.png
data/images/hq/635.png,hydreigon,5,,635,hydreigon,data/images/silhouette/635.png
data/images/hq/636.png,larvesta,5,,636,larvesta,data/images/silhouette/636.png
data/images/hq/637.png,volcarona,5,,637,volcarona,data/images/silhouette/637.png
data/images/hq/638.png,cobalion,5,,638,cobalion,data/images/silhouette/638.png
data/images/hq/639.png,terrakion,5,,639,terrakion,data/images/silhouette/639.png
data/images/hq/640.png,virizion,5,,640,virizion,data/images/silhouette/640.png
data/images/hq/641-Therian.png,tornadus-incarnate-therian,5,therian,641,tornadus-incarnate,data/images/silhouette/641-Therian.png
data/images/hq/641.png,tornadus-incarnate,5,,641,tornadus-incarnate,data/images/silhouette/641.png
data/images/hq/642-Therian.png,thundurus-incarnate-therian,5,therian,642,thundurus-incarnate,data/images/silhouette/642-Therian.png
data/images/hq/642.png,thundurus-incarnate,5,,642,thundurus-incarnate,data/images/silhouette/642.png
data/images/hq/643.png,reshiram,5,,643,reshiram,data/images/silhouette/643.png
data/images/hq/644.png,zekrom,5,,644,zekrom,data/images/silhouette/644.png
data/images/hq/645-Therian.png,landorus-incarnate-therian,5,therian,645,landorus-incarnate,data/images/silhouette/645-Therian.png
data/images/hq/645.png,landorus-incarnate,5,,645,landorus-incarnate,data/images/silhouette/645.png
data/images/hq/646-Black.png,kyurem-black,5,black,646,kyurem,data/images/silhouette/646-Black.png
data/images/hq/646-White.png,kyurem-white,5,white,646,kyurem,data/images/silhouette/646-White.png
data/images/hq/646.png,kyurem,5,,646,kyurem,data/images/silhouette/646.png
data/images/hq/647-Resolute.png,keldeo-ordinary-resolute,5,resolute,647,keldeo-ordinary,data/images/silhouette/647-Resolute.png
data/images/hq/647.png,keldeo-ordinary,5,,647,keldeo-ordinary,data/images/silhouette/647.png
data/images/hq/648-Pirouette.png,meloetta-aria-pirouette,5,pirouette,648,meloetta-aria,data/images/silhouette/648-Pirouette.png
data/images/hq/648.png,meloetta-aria,5,,648,meloetta-aria,data/images/silhouette/648.png
data/images/hq/649.png,genesect,5,,649,genesect,data/images/silhouette/649.png
data/images/hq/650.png,chespin,6,,650,chespin,data/images/silhouette/650.png
data/images/hq/651.png,quilladin,6,,651,quilladin,data/images/silhouette/651.png
data/images/hq/652.png,chesnaught,6,,652,chesnaught,data/images/silhouette/652.png
data/images/hq/653.png,fennekin,6,,653,fennekin,data/images/silhouette/653.png
data/images/hq/654.png,braixen,6,,654,braixen,data/images/silhouette/654.png
data/images/hq/655.png,delphox,6,,655,delphox,data/images/silhouette/655.png
data/images/hq/656.png,froakie,6,,656,froakie,data/images/silhouette/656.png
data/images/hq/657.png,frogadier,6,,657,frogadier,data/images/silhouette/657.png
data/images/hq/658-Ash.png,greninja-ash,6,ash,658,greninja,data/images/silhouette/658-Ash.png
data/images/hq/658.png,greninja,6,,658,greninja,data/images/silhouette/658.png
data/images/hq/659.png,bunnelby,6,,659,bunnelby,data/images/silhouette/659.png
data/images/hq/660.png,diggersby,6,,660,diggersby,data/images/silhouette/660.png
data/images/hq/661.png,fletchling,6,,661,fletchling,data/images/silhouette/661.png
data/images/hq/662.png,fletchinder,6,,662,fletchinder,data/images/silhouette/662.png
data/images/hq/663.png,talonflame,6,,663,talonflame,data/images/silhouette/663.png
data/images/hq/664.png,scatterbug,6,,664,scatterbug,data/images/silhouette/664.png
data/images/hq/665.png,spewpa,6,,665,spewpa,data/images/silhouette/665.png
data/images/hq/666-Archipelago.png,vivillon-archipelago,6,archipelago,666,vivillon,data/images/silhouette/666-Archipelago.png
data/images/hq/666-Continental.png,vivillon-continental,6,continental,666,vivillon,data/images/silhouette/666-Continental.png
data/images/hq/666-Elegant.png,vivillon-elegant,6,elegant,666,vivillon,data/images/silhouette/666-Elegant.png
data/images/hq/666-Fancy.png,vivillon-fancy,6,fancy,666,vivillon,data/images/silhouette/666-Fancy.png
data/images/hq/666-Garden.png,vivillon-garden,6,garden,666,vivillon,data/images/silhouette/666-Garden.png
data/images/hq/666-High-Plains.png,vivillon-high-plains,6,high-plains,666,vivillon,data/images/silhouette/666-High-Plains.png
data/images/hq/666-Icy-Snow.png,vivillon-icy-snow,6,icy-snow,666,vivillon,data/images/silhouette/666-Icy-Snow.png
data/images/hq/666-Jungle.png,vivillon-jungle,6,jungle,666,vivillon,data/images/silhouette/666-Jungle.png
data/images/hq/666-Marine.png,vivillon-marine,6,marine,666,vivillon,data/images/silhouette/666-Marine.png
data/images/hq/666-Meadow.png,vivillon-meadow,6,meadow,666,vivillon,data/images/silhouette/666-Meadow.png
data/images/hq/666-Modern.png,vivillon-modern,6,modern,666,vivillon,data/images/silhouette/666-Modern.png
data/images/hq/666-Monsoon.png,vivillon-monsoon,6,monsoon,666,vivillon,data/images/silhouette/666-Monsoon.png
data/images/hq/666-Ocean.png,vivillon-ocean,6,ocean,666,vivillon,data/images/silhouette/666-Ocean.png
data/images/hq/666-Poke-Ball.png,vivillon-poke-ball,6,poke-ball,666,vivillon,data/images/silhouette/666-Poke-Ball.png
data/images/hq/666-Polar.png,vivillon-polar,6,polar,666,vivillon,data/images/silhouette/666-Polar.png
data/images/hq/666-River.png,vivillon-river,6,river,666,vivillon,data/images/silhouette/666-River.png
data/images/hq/666-Sandstorm.png,vivillon-sandstorm,6,sandstorm,666,vivillon,data/images/silhouette/666-Sandstorm.png
data/images/hq/666-Savanna.png,vivillon-savanna,6,savanna,666,vivillon,data/images/silhouette/666-Savanna.png
data/images/hq/666-Sun.png,vivillon-sun,6,sun,666,vivillon,data/images/silhouette/666-Sun.png
data/images/hq/666-Tundra.png,vivillon-tundra,6,tundra,666,vivillon,data/images/silhouette/666-Tundra.png
data/images/hq/666.png,vivillon,6,,666,vivillon,data/images/silhouette/666.png
data/images/hq/667.png,litleo,6,,667,litleo,data/images/silhouette/667.png
data/images/hq/668.png,pyroar,6,,668,pyroar,data/images/silhouette/668.png
data/images/hq/669.png,flabebe,6,,669,flabebe,data/images/silhouette/669.png
data/images/hq/670-Eternal.png,floette-eternal,6,eternal,670,floette,data/images/silhouette/670-Eternal.png
data/images/hq/670.png,floette,6,,670,floette,data/images/silhouette/670.png
data/images/hq/671.png,florges,6,,671,florges,data/images/silhouette/671.png
data/images/hq/672.png,skiddo,6,,672,skiddo,data/images/silhouette/672.png
data/images/hq/673.png,gogoat,6,,673,gogoat,data/images/silhouette/673.png
data/images/hq/674.png,pancham,6,,674,pancham,data/images/silhouette/674.png
data/images/hq/675.png,pangoro,6,,675,pangoro,data/images/silhouette/675.png
data/images/hq/676-Diamond.png,furfrou-diamond,6,diamond,676,furfrou,data/images/silhouette/676-Diamond.png
data/images/hq/676-Heart.png,furfrou-heart,6,heart,676,furfrou,data/images/silhouette/676-Heart.png
data/images/hq/676-Star.png,furfrou-star,6,star,676,furfrou,data/images/silhouette/676-Star.png
data/images/hq/676.png,furfrou,6,,676,furfrou,data/images/silhouette/676.png
data/images/hq/677.png,espurr,6,,677,espurr,data/images/silhouette/677.png
data/images/hq/678-Female.png,meowstic-male-female,6,female,678,meowstic-male,data/images/silhouette/678-Female.png
data/images/hq/678-Male-Female.png,meowstic-male-male-female,6,male-female,678,meowstic-male,data/images/silhouette/678-Male-Female.png
data/images/hq/678.png,meowstic-male,6,,678,meowstic-male,data/images/silhouette/678.png
data/images/hq/679.png,honedge,6,,679,honedge,data/images/silhouette/679.png
data/images/hq/680.png,doublade,6,,680,doublade,data/images/silhouette/680.png
data/images/hq/681-Blade.png,aegislash-shield-blade,6,blade,681,aegislash-shield,data/images/silhouette/681-Blade.png
data/images/hq/681.png,aegislash-shield,6,,681,aegislash-shield,data/images/silhouette/681.png
data/images/hq/682.png,spritzee,6,,682,spritzee,data/images/silhouette/682.png
data/images/hq/683.png,aromatisse,6,,683,aromatisse,data/images/silhouette/683.png
data/images/hq/684.png,swirlix,6,,684,swirlix,data/images/silhouette/684.png
data/images/hq/685.png,slurpuff,6,,685,slurpuff,data/images/silhouette/685.png
data/images/hq/686.png,inkay,6,,686,inkay,data/images/silhouette/686.png
data/images/hq/687.png,malamar,6,,687,malamar,data/images/silhouette/687.png
data/images/hq/688.png,binacle,6,,688,binacle,data/images/silhouette/688.png
data/images/hq/689.png,barbaracle,6,,689,barbaracle,data/images/silhouette/689.png
data/images/hq/690.png,skrelp,6,,690,skrelp,data/images/silhouette/690.png
data/images/hq/691.png,dragalge,6,,691,dragalge,data/images/silhouette/691.png
data/images/hq/692.png,clauncher,6,,692,clauncher,data/images/silhouette/692.png
data/images/hq/693.png,clawitzer,6,,693,clawitzer,data/images/silhouette/693.png
data/images/hq/694.png,helioptile,6,,694,helioptile,data/images/silhouette/694.png
data/images/hq/695.png,heliolisk,6,,695,heliolisk,data/images/silhouette/695.png
data/images/hq/696.png,tyrunt,6,,696,tyrunt,data/images/silhouette/696.png
data/images/hq/697.png,tyrantrum,6,,697,tyrantrum,data/images/silhouette/697.png
data/images/hq/698.png,amaura,6,,698,amaura,data/images/silhouette/698.png
data/images/hq/699.png,aurorus,6,,699,aurorus,data/images/silhouette/699.png
data/images/hq/700.png,sylveon,6,,700,sylveon,data/images/silhouette/700.png
data/images/hq/701.png,hawlucha,6,,701,hawlucha,data/images/silhouette/701.png
data/images/hq/702.png,dedenne,6,,702,dedenne,data/images/silhouette/702.png
data/images/hq/703.png,carbink,6,,703,carbink,data/images/silhouette/703.png
data/images/hq/704.png,goomy,6,,704,goomy,data/images/silhouette/704.png
data/images/hq/705-Hisui.png,sliggoo-hisui,6,hisui,705,sliggoo,data/images/silhouette/705-Hisui.png
data/images/hq/705.png,sliggoo,6,,705,sliggoo,data/images/silhouette/705.png
data/images/hq/706-Hisui.png,goodra-hisui,6,hisui,706,goodra,data/images/silhouette/706-Hisui.png
data/images/hq/706.png,goodra,6,,706,goodra,data/images/silhouette/706.png
data/images/hq/707.png,klefki,6,,707,klefki,data/images/silhouette/707.png
data/images/hq/708.png,phantump,6,,708,phantump,data/images/silhouette/708.png
data/images/hq/709.png,trevenant,6,,709,trevenant,data/images/silhouette/709.png
data/images/hq/710.png,pumpkaboo-average,6,,710,pumpkaboo-average,data/images/silhouette/710.png
data/images/hq/711.png,gourgeist-average,6,,711,gourgeist-average,data/images/silhouette/711.png
data/images/hq/712.png,bergmite,6,,712,bergmite,data/images/silhouette/712.png
data/images/hq/713-Hisui.png,avalugg-hisui,6,hisui,713,avalugg,data/images/silhouette/713-Hisui.png
data/images/hq/713.png,avalugg,6,,713,avalugg,data/images/silhouette/713.png
data/images/hq/714.png,noibat,6,,714,noibat,data/images/silhouette/714.png
data/images/hq/715.png,noivern,6,,715,noivern,data/images/silhouette/715.png
data/images/hq/716.png,xerneas,6,,716,xerneas,data/images/silhouette/716.png
data/images/hq/717.png,yveltal,6,,717,yveltal,data/images/silhouette/717.png
data/images/hq/718-10.png,zygarde-50-10,6,10,718,zygarde-50,data/images/silhouette/718-10.png
data/images/hq/718-Cell.png,zygarde-50-cell,6,cell,718,zygarde-50,data/images/silhouette/718-Cell.png
data/images/hq/718-Complete.png,zygarde-50-complete,6,complete,718,zygarde-50,data/images/silhouette/718-Complete.png
data/images/hq/718-Core.png,zygarde-50-core,6,core,718,zygarde-50,data/images/silhouette/718-Core.png
data/images/hq/718.png,zygarde-50,6,,718,zygarde-50,data/images/silhouette/718.png
data/images/hq/719-Mega.png,diancie-mega,6,mega,719,diancie,data/images/silhouette/719-Mega.png
data/images/hq/719.png,diancie,6,,719,diancie,data/images/silhouette/719.png
data/images/hq/720-Unbound.png,hoopa-unbound,6,unbound,720,hoopa,data/images/silhouette/720-Unbound.png
data/images/hq/720.png,hoopa,6,,720,hoopa,data/images/silhouette/720.png
data/images/hq/721.png,volcanion,6,,721,volcanion,data/images/silhouette/721.png
data/images/hq/722.png,rowlet,7,,722,rowlet,data/images/silhouette/722.png
data/images/hq/723.png,dartrix,7,,723,dartrix,data/images/silhouette/723.png
data/images/hq/724-Hisui.png,decidueye-hisui,7,hisui,724,decidueye,data/images/silhouette/724-Hisui.png
data/images/hq/724.png,decidueye,7,,724,decidueye,data/images/silhouette/724.png
data/images/hq/725.png,litten,7,,725,litten,data/images/silhouette/725.png
data/images/hq/726.png,torracat,7,,726,torracat,data/images/silhouette/726.png
data/images/hq/727.png,incineroar,7,,727,incineroar,data/images/silhouette/727.png
data/images/hq/728.png,popplio,7,,728,popplio,data/images/silhouette/728.png
data/images/hq/729.png,brionne,7,,729,brionne,data/images/silhouette/729.png
data/images/hq/730.png,primarina,7,,730,primarina,data/images/silhouette/730.png
data/images/hq/731.png,pikipek,7,,731,pikipek,data/images/silhouette/731.png
data/images/hq/732.png,trumbeak,7,,732,trumbeak,data/images/silhouette/732.png
data/images/hq/733.png,toucannon,7,,733,toucannon,data/images/silhouette/733.png
data/images/hq/734.png,yungoos,7,,734,yungoos,data/images/silhouette/734.png
data/images/hq/735.png,gumshoos,7,,735,gumshoos,data/images/silhouette/735.png
data/images/hq/736.png,grubbin,7,,736,grubbin,data/images/silhouette/736.png
data/images/hq/737.png,charjabug,7,,737,charjabug,data/images/silhouette/737.png
data/images/hq/738.png,vikavolt,7,,738,vikavolt,data/images/silhouette/738.png
data/images/hq/739.png,crabrawler,7,,739,crabrawler,data/images/silhouette/739.png
data/images/hq/740.png,crabominable,7,,740,crabominable,data/images/silhouette/740.png
data/images/hq/741-Pau.png,oricorio-baile-pau,7,pau,741,oricorio-baile,data/images/silhouette/741-Pau.png
data/images/hq/741-Pom-Pom.png,oricorio-baile-pom-pom,7,pom-pom,741,oricorio-baile,data/images/silhouette/741-Pom-Pom.png
data/images/hq/741-Sensu.png,oricorio-baile-sensu,7,sensu,741,oricorio-baile,data/images/silhouette/741-Sensu.png
data/images/hq/741.png,oricorio-baile,7,,741,oricorio-baile,data/images/silhouette/741.png
data/images/hq/742.png,cutiefly,7,,742,cutiefly,data/images/silhouette/742.png
data/images/hq/743.png,ribombee,7,,743,ribombee,data/images/silhouette/743.png
data/images/hq/744.png,rockruff,7,,744,rockruff,data/images/silhouette/744.png
data/images/hq/745-Dusk.png,lycanroc-midday-dusk,7,dusk,745,lycanroc-midday,data/images/silhouette/745-Dusk.png
data/images/hq/745-Midnight.png,lycanroc-midday-midnight,7,midnight,745,lycanroc-midday,data/images/silhouette/745-Midnight.png
data/images/hq/745.png,lycanroc-midday,7,,745,lycanroc-midday,data/images/silhouette/745.png
data/images/hq/746-School.png,wishiwashi-solo-school,7,school,746,wishiwashi-solo,data/images/silhouette/746-School.png
data/images/hq/746.png,wishiwashi-solo,7,,746,wishiwashi-solo,data/images/silhouette/746.png
data/images/hq/747.png,mareanie,7,,747,mareanie,data/images/silhouette/747.png
data/images/hq/748.png,toxapex,7,,748,toxapex,data/images/silhouette/748.png
data/images/hq/749.png,mudbray,7,,749,mudbray,data/images/silhouette/749.png
data/images/hq/750.png,mudsdale,7,,750,mudsdale,data/images/silhouette/750.png
data/images/hq/751.png,dewpider,7,,751,dewpider,data/images/silhouette/751.png
data/images/hq/752.png,araquanid,7,,752,araquanid,data/images/silhouette/752.png
data/images/hq/753.png,fomantis,7,,753,fomantis,data/images/silhouette/753.png
data/images/hq/754.png,lurantis,7,,754,lurantis,data/images/silhouette/754.png
data/images/hq/755.png,morelull,7,,755,morelull,data/images/silhouette/755.png
data/images/hq/756.png,shiinotic,7,,756,shiinotic,data/images/silhouette/756.png
data/images/hq/757.png,salandit,7,,757,salandit,data/images/silhouette/757.png
data/images/hq/758.png,salazzle,7,,758,salazzle,data/images/silhouette/758.png
data/images/hq/759.png,stufful,7,,759,stufful,data/images/silhouette/759.png
data/images/hq/760.png,bewear,7,,760,bewear,data/images/silhouette/760.png
data/images/hq/761.png,bounsweet,7,,761,bounsweet,data/images/silhouette/761.png
data/images/hq/762.png,steenee,7,,762,steenee,data/images/silhouette/762.png
data/images/hq/763.png,tsareena,7,,763,tsareena,data/images/silhouette/763.png
data/images/hq/764.png,comfey,7,,764,comfey,data/images/silhouette/764.png
data/images/hq/765.png,oranguru,7,,765,oranguru,data/images/silhouette/765.png
data/images/hq/766.png,passimian,7,,766,passimian,data/images/silhouette/766.png
data/images/hq/767.png,wimpod,7,,767,wimpod,data/images/silhouette/767.png
data/images/hq/768.png,golisopod,7,,768,golisopod,data/images/silhouette/768.png
data/images/hq/769.png,sandygast,7,,769,sandygast,data/images/silhouette/769.png
data/images/hq/770.png,palossand,7,,770,palossand,data/images/silhouette/770.png
data/images/hq/771.png,pyukumuku,7,,771,pyukumuku,data/images/silhouette/771.png
data/images/hq/772.png,type-null,7,,772,type-null,data/images/silhouette/772.png
data/images/hq/773.png,silvally,7,,773,silvally,data/images/silhouette/773.png
data/images/hq/774-Red.png,minior-red-meteor-red,7,red,774,minior-red-meteor,data/images/silhouette/774-Red.png
data/images/hq/774.png,minior-red-meteor,7,,774,minior-red-meteor,data/images/silhouette/774.png
data/images/hq/775.png,komala,7,,775,komala,data/images/silhouette/775.png
data/images/hq/776.png,turtonator,7,,776,turtonator,data/images/silhouette/776.png
data/images/hq/777.png,togedemaru,7,,777,togedemaru,data/images/silhouette/777.png
data/images/hq/778-Busted.png,mimikyu-disguised-busted,7,busted,778,mimikyu-disguised,data/images/silhouette/778-Busted.png
data/images/hq/778.png,mimikyu-disguised,7,,778,mimikyu-disguised,data/images/silhouette/778.png
data/images/hq/779.png,bruxish,7,,779,bruxish,data/images/silhouette/779.png
data/images/hq/780.png,drampa,7,,780,drampa,data/images/silhouette/780.png
data/images/hq/781.png,dhelmise,7,,781,dhelmise,data/images/silhouette/781.png
data/images/hq/782.png,jangmo-o,7,,782,jangmo-o,data/images/silhouette/782.png
data/images/hq/783.png,hakamo-o,7,,783,hakamo-o,data/images/silhouette/783.png
data/images/hq/784.png,kommo-o,7,,784,kommo-o,data/images/silhouette/784.png
data/images/hq/785.png,tapu-koko,7,,785,tapu-koko,data/images/silhouette/785.png
data/images/hq/786.png,tapu-lele,7,,786,tapu-lele,data/images/silhouette/786.png
data/images/hq/787.png,tapu-bulu,7,,787,tapu-bulu,data/images/silhouette/787.png
data/images/hq/788.png,tapu-fini,7,,788,tapu-fini,data/images/silhouette/788.png
data/images/hq/789.png,cosmog,7,,789,cosmog,data/images/silhouette/789.png
data/images/hq/790.png,cosmoem,7,,790,cosmoem,data/images/silhouette/790.png
data/images/hq/791-Radiant-Sun-Phase.png,solgaleo-radiant-sun-phase,7,radiant-sun-phase,791,solgaleo,data/images/silhouette/791-Radiant-Sun-Phase.png
data/images/hq/791.png,solgaleo,7,,791,solgaleo,data/images/silhouette/791.png
data/images/hq/792-Full-Moon-Phase.png,lunala-full-moon-phase,7,full-moon-phase,792,lunala,data/images/silhouette/792-Full-Moon-Phase.png
data/images/hq/792.png,lunala,7,,792,lunala,data/images/silhouette/792.png
data/images/hq/793.png,nihilego,7,,793,nihilego,data/images/silhouette/793.png
data/images/hq/794.png,buzzwole,7,,794,buzzwole,data/images/silhouette/794.png
data/images/hq/795.png,pheromosa,7,,795,pheromosa,data/images/silhouette/795.png
data/images/hq/796.png,xurkitree,7,,796,xurkitree,data/images/silhouette/796.png
data/images/hq/797.png,celesteela,7,,797,celesteela,data/images/silhouette/797.png
data/images/hq/798.png,kartana,7,,798,kartana,data/images/silhouette/798.png
data/images/hq/799.png,guzzlord,7,,799,guzzlord,data/images/silhouette/799.png
data/images/hq/800-Dawn.png,necrozma-dawn,7,dawn,800,necrozma,data/images/silhouette/800-Dawn.png
data/images/hq/800-Dusk.png,necrozma-dusk,7,dusk,800,necrozma,data/images/silhouette/800-Dusk.png
data/images/hq/800-Ultra.png,necrozma-ultra,7,ultra,800,necrozma,data/images/silhouette/800-Ultra.png
data/images/hq/800.png,necrozma,7,,800,necrozma,data/images/silhouette/800.png
data/images/hq/801-Original.png,magearna-original,7,original,801,magearna,data/images/silhouette/801-Original.png
data/images/hq/801.png,magearna,7,,801,magearna,data/images/silhouette/801.png
data/images/hq/802.png,marshadow,7,,802,marshadow,data/images/silhouette/802.png
data/images/hq/803.png,poipole,7,,803,poipole,data/images/silhouette/803.png
data/images/hq/804.png,naganadel,7,,804,naganadel,data/images/silhouette/804.png
data/images/hq/805.png,stakataka,7,,805,stakataka,data/images/silhouette/805.png
data/images/hq/806.png,blacephalon,7,,806,blacephalon,data/images/silhouette/806.png
data/images/hq/807.png,zeraora,7,,807,zeraora,data/images/silhouette/807.png
data/images/hq/808.png,meltan,7,,808,meltan,data/images/silhouette/808.png
data/images/hq/809-Gmax.png,melmetal-gmax,7,gmax,809,melmetal,data/images/silhouette/809-Gmax.png
data/images/hq/809.png,melmetal,7,,809,melmetal,data/images/silhouette/809.png
data/images/hq/810.png,grookey,8,,810,grookey,data/images/silhouette/810.png
data/images/hq/811.png,thwackey,8,,811,thwackey,data/images/silhouette/811.png
data/images/hq/812-Gmax.png,rillaboom-gmax,8,gmax,812,rillaboom,data/images/silhouette/812-Gmax.png
data/images/hq/812.png,rillaboom,8,,812,rillaboom,data/images/silhouette/812.png
data/images/hq/813.png,scorbunny,8,,813,scorbunny,data/images/silhouette/813.png
data/images/hq/814.png,raboot,8,,814,raboot,data/images/silhouette/814.png
data/images/hq/815-Gmax.png,cinderace-gmax,8,gmax,815,cinderace,data/images/silhouette/815-Gmax.png
data/images/hq/815.png,cinderace,8,,815,cinderace,data/images/silhouette/815.png
data/images/hq/816.png,sobble,8,,816,sobble,data/images/silhouette/816.png
data/images/hq/817.png,drizzile,8,,817,drizzile,data/images/silhouette/817.png
data/images/hq/818-Gmax.png,inteleon-gmax,8,gmax,818,inteleon,data/images/silhouette/818-Gmax.png
data/images/hq/818.png,inteleon,8,,818,inteleon,data/images/silhouette/818.png
data/images/hq/819.png,skwovet,8,,819,skwovet,data/images/silhouette/819.png
data/images/hq/820.png,greedent,8,,820,greedent,data/images/silhouette/820.png
data/images/hq/821.png,rookidee,8,,821,rookidee,data/images/silhouette/821.png
data/images/hq/822.png,corvisquire,8,,822,corvisquire,data/images/silhouette/822.png
data/images/hq/823-Gmax.png,corviknight-gmax,8,gmax,823,corviknight,data/images/silhouette/823-Gmax.png
data/images/hq/823.png,corviknight,8,,823,corviknight,data/images/silhouette/823.png
data/images/hq/824.png,blipbug,8,,824,blipbug,data/images/silhouette/824.png
data/images/hq/825.png,dottler,8,,825,dottler,data/images/silhouette/825.png
data/images/hq/826-Gmax.png,orbeetle-gmax,8,gmax,826,orbeetle,data/images/silhouette/826-Gmax.png
data/images/hq/826.png,orbeetle,8,,826,orbeetle,data/images/silhouette/826.png
data/images/hq/827.png,nickit,8,,827,nickit,data/images/silhouette/827.png
data/images/hq/828.png,thievul,8,,828,thievul,data/images/silhouette/828.png
data/images/hq/829.png,gossifleur,8,,829,gossifleur,data/images/silhouette/829.png
data/images/hq/830.png,eldegoss,8,,830,eldegoss,data/images/silhouette/830.png
data/images/hq/831.png,wooloo,8,,831,wooloo,data/images/silhouette/831.png
data/images/hq/832.png,dubwool,8,,832,dubwool,data/images/silhouette/832.png
data/images/hq/833.png,chewtle,8,,833,chewtle,data/images/silhouette/833.png
data/images/hq/834-Gmax.png,drednaw-gmax,8,gmax,834,drednaw,data/images/silhouette/834-Gmax.png
data/images/hq/834.png,drednaw,8,,834,drednaw,data/images/silhouette/834.png
data/images/hq/835.png,yamper,8,,835,yamper,data/images/silhouette/835.png
data/images/hq/836.png,boltund,8,,836,boltund,data/images/silhouette/836.png
data/images/hq/837.png,rolycoly,8,,837,rolycoly,data/images/silhouette/837.png
data/images/hq/838.png,carkol,8,,838,carkol,data/images/silhouette/838.png
data/images/hq/839-Gmax.png,coalossal-gmax,8,gmax,839,coalossal,data/images/silhouette/839-Gmax.png
data/images/hq/839.png,coalossal,8,,839,coalossal,data/images/silhouette/839.png
data/images/hq/840.png,applin,8,,840,applin,data/images/silhouette/840.png
data/images/hq/841-Gmax.png,flapple-gmax,8,gmax,841,flapple,data/images/silhouette/841-Gmax.png
data/images/hq/841.png,flapple,8,,841,flapple,data/images/silhouette/841.png
data/images/hq/842.png,appletun,8,,842,appletun,data/images/silhouette/842.png
data/images/hq/843.png,silicobra,8,,843,silicobra,data/images/silhouette/843.png
data/images/hq/844-Gmax.png,sandaconda-gmax,8,gmax,844,sandaconda,data/images/silhouette/844-Gmax.png
data/images/hq/844.png,sandaconda,8,,844,sandaconda,data/images/silhouette/844.png
data/images/hq/845-Gorging.png,cramorant-gorging,8,gorging,845,cramorant,data/images/silhouette/845-Gorging.png
data/images/hq/845-Gulping.png,cramorant-gulping,8,gulping,845,cramorant,data/images/silhouette/845-Gulping.png
data/images/hq/845.png,cramorant,8,,845,cramorant,data/images/silhouette/845.png
data/images/hq/846.png,arrokuda,8,,846,arrokuda,data/images/silhouette/846.png
data/images/hq/847.png,barraskewda,8,,847,barraskewda,data/images/silhouette/847.png
data/images/hq/848.png,toxel,8,,848,toxel,data/images/silhouette/848.png
data/images/hq/849-Amped-Gmax.png,toxtricity-amped-amped-gmax,8,amped-gmax,849,toxtricity-amped,data/images/silhouette/849-Amped-Gmax.png
data/images/hq/849-Low-Key.png,toxtricity-amped-low-key,8,low-key,849,toxtricity-amped,data/images/silhouette/849-Low-Key.png
data/images/hq/849.png,toxtricity-amped,8,,849,toxtricity-amped,data/images/silhouette/849.png
data/images/hq/850.png,sizzlipede,8,,850,sizzlipede,data/images/silhouette/850.png
data/images/hq/851-Gmax.png,centiskorch-gmax,8,gmax,851,centiskorch,data/images/silhouette/851-Gmax.png
data/images/hq/851.png,centiskorch,8,,851,centiskorch,data/images/silhouette/851.png
data/images/hq/852.png,clobbopus,8,,852,clobbopus,data/images/silhouette/852.png
data/images/hq/853.png,grapploct,8,,853,grapploct,data/images/silhouette/853.png
data/images/hq/854.png,sinistea,8,,854,sinistea,data/images/silhouette/854.png
data/images/hq/855.png,polteageist,8,,855,polteageist,data/images/silhouette/855.png
data/images/hq/856.png,hatenna,8,,856,hatenna,data/images/silhouette/856.png
data/images/hq/857.png,hattrem,8,,857,hattrem,data/images/silhouette/857.png
data/images/hq/858-Gmax.png,hatterene-gmax,8,gmax,858,hatterene,data/images/silhouette/858-Gmax.png
data/images/hq/858.png,hatterene,8,,858,hatterene,data/images/silhouette/858.png
data/images/hq/859.png,impidimp,8,,859,impidimp,data/images/silhouette/859.png
data/images/hq/860.png,morgrem,8,,860,morgrem,data/images/silhouette/860.png
data/images/hq/861-Gmax.png,grimmsnarl-gmax,8,gmax,861,grimmsnarl,data/images/silhouette/861-Gmax.png
data/images/hq/861.png,grimmsnarl,8,,861,grimmsnarl,data/images/silhouette/861.png
data/images/hq/862.png,obstagoon,8,,862,obstagoon,data/images/silhouette/862.png
data/images/hq/863.png,perrserker,8,,863,perrserker,data/images/silhouette/863.png
data/images/hq/864.png,cursola,8,,864,cursola,data/images/silhouette/864.png
data/images/hq/865.png,sirfetchd,8,,865,sirfetchd,data/images/silhouette/865.png
data/images/hq/866.png,mr-rime,8,,866,mr-rime,data/images/silhouette/866.png
data/images/hq/867.png,runerigus,8,,867,runerigus,data/images/silhouette/867.png
data/images/hq/868.png,milcery,8,,868,milcery,data/images/silhouette/868.png
data/images/hq/869-Gmax.png,alcremie-gmax,8,gmax,869,alcremie,data/images/silhouette/869-Gmax.png
data/images/hq/869.png,alcremie,8,,869,alcremie,data/images/silhouette/869.png
data/images/hq/870.png,falinks,8,,870,falinks,data/images/silhouette/870.png
data/images/hq/871.png,pincurchin,8,,871,pincurchin,data/images/silhouette/871.png
data/images/hq/872.png,snom,8,,872,snom,data/images/silhouette/872.png
data/images/hq/873.png,frosmoth,8,,873,frosmoth,data/images/silhouette/873.png
data/images/hq/874.png,stonjourner,8,,874,stonjourner,data/images/silhouette/874.png
data/images/hq/875-Noice.png,eiscue-ice-noice,8,noice,875,eiscue-ice,data/images/silhouette/875-Noice.png
data/images/hq/875.png,eiscue-ice,8,,875,eiscue-ice,data/images/silhouette/875.png
data/images/hq/876-Female.png,indeedee-male-female,8,female,876,indeedee-male,data/images/silhouette/876-Female.png
data/images/hq/876-Male-Female.png,indeedee-male-male-female,8,male-female,876,indeedee-male,data/images/silhouette/876-Male-Female.png
data/images/hq/876.png,indeedee-male,8,,876,indeedee-male,data/images/silhouette/876.png
data/images/hq/877-Hangry.png,morpeko-full-belly-hangry,8,hangry,877,morpeko-full-belly,data/images/silhouette/877-Hangry.png
data/images/hq/877.png,morpeko-full-belly,8,,877,morpeko-full-belly,data/images/silhouette/877.png
data/images/hq/878.png,cufant,8,,878,cufant,data/images/silhouette/878.png
data/images/hq/879-Gmax.png,copperajah-gmax,8,gmax,879,copperajah,data/images/silhouette/879-Gmax.png
data/images/hq/879.png,copperajah,8,,879,copperajah,data/images/silhouette/879.png
data/images/hq/880.png,dracozolt,8,,880,dracozolt,data/images/silhouette/880.png
data/images/hq/881.png,arctozolt,8,,881,arctozolt,data/images/silhouette/881.png
data/images/hq/882.png,dracovish,8,,882,dracovish,data/images/silhouette/882.png
data/images/hq/883.png,arctovish,8,,883,arctovish,data/images/silhouette/883.png
data/images/hq/884-Gmax.png,duraludon-gmax,8,gmax,884,duraludon,data/images/silhouette/884-Gmax.png
data/images/hq/884.png,duraludon,8,,884,duraludon,data/images/silhouette/884.png
data/images/hq/885.png,dreepy,8,,885,dreepy,data/images/silhouette/885.png
data/images/hq/886.png,drakloak,8,,886,drakloak,data/images/silhouette/886.png
data/images/hq/887.png,dragapult,8,,887,dragapult,data/images/silhouette/887.png
data/images/hq/888-Crowned.png,zacian-crowned,8,crowned,888,zacian,data/images/silhouette/888-Crowned.png
data/images/hq/888.png,zacian,8,,888,zacian,data/images/silhouette/888.png
data/images/hq/889-Crowned.png,zamazenta-crowned,8,crowned,889,zamazenta,data/images/silhouette/889-Crowned.png
data/images/hq/889.png,zamazenta,8,,889,zamazenta,data/images/silhouette/889.png
data/images/hq/890-Eternamax.png,eternatus-eternamax,8,eternamax,890,eternatus,data/images/silhouette/890-Eternamax.png
data/images/hq/890.png,eternatus,8,,890,eternatus,data/images/silhouette/890.png
data/images/hq/891.png,kubfu,8,,891,kubfu,data/images/silhouette/891.png
data/images/hq/892-Rapid-Strike-Gmax.png,urshifu-single-strike-rapid-strike-gmax,8,rapid-strike-gmax,892,urshifu-single-strike,data/images/silhouette/892-Rapid-Strike-Gmax.png
data/images/hq/892-Rapid-Strike.png,urshifu-single-strike-rapid-strike,8,rapid-strike,892,urshifu-single-strike,data/images/silhouette/892-Rapid-Strike.png
data/images/hq/892-Single-Strike-Gmax.png,urshifu-single-strike-single-strike-gmax,8,single-strike-gmax,892,urshifu-single-strike,data/images/silhouette/892-Single-Strike-Gmax.png
data/images/hq/892.png,urshifu-single-strike,8,,892,urshifu-single-strike,data/images/silhouette/892.png
data/images/hq/893-Dada.png,zarude-dada,8,dada,893,zarude,data/images/silhouette/893-Dada.png
data/images/hq/893.png,zarude,8,,893,zarude,data/images/silhouette/893.png
data/images/hq/894.png,regieleki,8,,894,regieleki,data/images/silhouette/894.png
data/images/hq/895.png,regidrago,8,,895,regidrago,data/images/silhouette/895.png
data/images/hq/896.png,glastrier,8,,896,glastrier,data/images/silhouette/896.png
data/images/hq/897.png,spectrier,8,,897,spectrier,data/images/silhouette/897.png
data/images/hq/898-Ice.png,calyrex-ice,8,ice,898,calyrex,data/images/silhouette/898-Ice.png
data/images/hq/898-Shadow.png,calyrex-shadow,8,shadow,898,calyrex,data/images/silhouette/898-Shadow.png
data/images/hq/898.png,calyrex,8,,898,calyrex,data/images/silhouette/898.png
data/images/hq/899.png,wyrdeer,8,,899,wyrdeer,data/images/silhouette/899.png
data/images/hq/900.png,kleavor,8,,900,kleavor,data/images/silhouette/900.png
data/images/hq/901.png,ursaluna,8,,901,ursaluna,data/images/silhouette/901.png
data/images/hq/902.png,basculegion-male,8,,902,basculegion-male,data/images/silhouette/902.png
data/images/hq/903.png,sneasler,8,,903,sneasler,data/images/silhouette/903.png
data/images/hq/904.png,overqwil,8,,904,overqwil,data/images/silhouette/904.png
data/images/hq/905-Therian.png,enamorus-incarnate-therian,8,therian,905,enamorus-incarnate,data/images/silhouette/905-Therian.png
data/images/hq/905.png,enamorus-incarnate,8,,905,enamorus-incarnate,data/images/silhouette/905.png
